ID,Area,Tier,Topic,Subtopics,Techniques,Prerequisites,Project module,Exercise,Interview questions,Pass criteria,Failure trap,Source URLs,Planning hours,Learner status
J001,Java/JVM/Spring,core,"Values, references and numeric correctness",primitives | boxing | overflow | pass by value,boundary table | explicit overflow policy,,labs/java,"Predict ten reference/numeric snippets, then implement bounded event-size arithmetic.",Can a method replace its caller's reference? | What happens when an int counter overflows?,Distinguish object mutation from rebinding | Explain boxing and null unboxing | Test numeric boundaries,Calling Java pass by reference,https://docs.oracle.com/javase/specs/jls/se25/html/jls-4.html,2,unassessed
J002,Java/JVM/Spring,core,String and text representation,immutability | equals versus == | Unicode | StringBuilder,code-point fixtures | avoid repeated concatenation,J001,labs/java,Normalize event identifiers and test non-ASCII text without splitting surrogate pairs.,Why is == wrong for externally supplied strings? | What is the cost of repeated immutable concatenation?,Identify equality semantics | State encoding boundary | Explain total copied characters,Using string interning as a correctness mechanism,https://docs.oracle.com/en/java/javase/25/docs/api/java.base/java/lang/String.html,2,unassessed
J003,Java/JVM/Spring,core,OOP and interface contracts,overload versus override | composition | interface | abstract class | substitutability,contract-first API | strategy pattern,J001,java-producer,Define a publisher interface and two implementations; swap them without controller edits.,When do you choose composition? | How do overload and override resolution differ?,Explain dispatch | Preserve contract under substitution | Avoid inheritance only for code reuse,Confusing runtime dispatch with overload resolution,https://docs.oracle.com/javase/specs/jls/se25/html/jls-8.html,2,unassessed
J004,Java/JVM/Spring,core,Immutable domain model,final | records | defensive copying | shallow versus deep immutability,copy-on-construction | mutation challenge,J003,java-producer,Design an immutable event envelope with mutable nested input and prove caller mutation cannot change it.,Is a final List immutable? | Does a record make its components deeply immutable?,Protect aliases | Validate invariants at construction | Test nested mutation,Assuming final freezes the referred object,https://docs.oracle.com/javase/specs/jls/se25/html/jls-8.html | https://docs.oracle.com/javase/specs/jls/se25/html/jls-17.html,2,unassessed
J005,Java/JVM/Spring,core,Equality and hashing contract,equivalence relation | hash consistency | mutable keys | identity,property checks | immutable key design,J004,labs/java,"Implement EventKey equality; verify symmetry, transitivity and equal-hash implication.",Can unequal objects have equal hashes? | Why does mutating a map key break lookup?,State contract precisely | Demonstrate collision | Explain stable key fields,Overriding equals without hashCode,https://docs.oracle.com/en/java/javase/25/docs/api/java.base/java/lang/Object.html,2,unassessed
J006,Java/JVM/Spring,core,HashMap mechanics and complexity,buckets | collisions | capacity | load factor | resize | implementation-specific tree bins,adversarial hash lab | amortized analysis,J005,labs/java,Compare uniform and constant hashes; inspect matching JDK source for resize/tree-bin behavior.,Is get always O(1)? | Why can oversized capacity slow iteration?,Qualify expected complexity | Explain collision resolution | Separate API contract from JDK internals,Claiming guaranteed O(1) or memorizing thresholds without version,https://docs.oracle.com/en/java/javase/25/docs/api/java.base/java/util/HashMap.html,3,unassessed
J007,Java/JVM/Spring,core,"Lists, sets and deques",ArrayList | linked structures | HashSet | ArrayDeque | iterator removal,operation-cost table | queue design,J006,labs/java,Implement FIFO replay staging and duplicate detection using fit-for-purpose collections.,Why avoid removing index zero repeatedly? | When does a linked list actually improve insertion?,Compare access and shift costs | Include traversal cost | Handle empty/duplicate cases,Ignoring cost of finding an insertion location,https://docs.oracle.com/en/java/javase/25/docs/api/java.base/java/util/ArrayList.html | https://docs.oracle.com/en/java/javase/25/docs/api/java.base/java/util/ArrayDeque.html,2,unassessed
J008,Java/JVM/Spring,depth,Ordering and sorted collections,Comparator | Comparable | TreeMap | priority queue | stable ordering,total-order tests | top-k heap,J005 | J007,labs/java,Maintain top-k latency samples with a heap and deterministic tie breakers.,Must comparator ordering agree with equals? | Why is a heap not a sorted iterable?,Define comparator contract | State O(n log k) approach | Test equal priorities,Treating priority-queue iteration as sorted,https://docs.oracle.com/en/java/javase/25/docs/api/java.base/java/util/PriorityQueue.html,2,unassessed
J009,Java/JVM/Spring,core,Generics and variance,invariance | wildcards | PECS | type erasure | raw types,typed copy utility | compile-failure examples,J003,labs/java,Write a generic copy function accepting producer and consumer collections.,Why isn't List<Integer> a List<Number>? | What cannot you test at runtime after erasure?,Explain safe reads/writes | Use bounded wildcards | Reject unsafe raw casts,Adding arbitrary objects through extends wildcard,https://docs.oracle.com/javase/tutorial/java/generics/index.html,3,unassessed
J010,Java/JVM/Spring,core,Exception design,checked versus unchecked | cause chaining | recoverable errors | retry classification,error taxonomy | preserve causes,J003,java-producer,"Classify malformed input, authentication failure and transient broker failure without catch-all success.",Which failures should be retried? | When is a checked exception appropriate?,Keep cause | Separate permanent/transient failures | Do not mask failed requests,Catching Exception and returning success,https://docs.oracle.com/javase/tutorial/essential/exceptions/index.html,2,unassessed
J011,Java/JVM/Spring,core,Resource ownership,AutoCloseable | try-with-resources | suppressed exceptions | shutdown,ownership map | fault-on-close lab,J010,labs/java,Read a file with deliberate body and close failures and inspect the preserved primary error.,Can finally replace the original exception? | Who owns closing an injected shared client?,Close deterministically | Explain suppressed failure | Avoid closing shared resource per request,Using garbage collection for prompt resource release,https://docs.oracle.com/javase/tutorial/essential/exceptions/index.html,2,unassessed
J012,Java/JVM/Spring,core,Lambdas and functional interfaces,capture | effectively final | method references | side effects,pure transformation | explicit state capture,J009,labs/java,Write a pure event filter and show why captured mutable state compromises concurrent use.,Why must captured local variables be effectively final? | Is an object referenced by such a variable immutable?,Distinguish reference from object state | Identify functional interface | Avoid hidden mutation,Equating effectively final with thread-safe,https://docs.oracle.com/javase/specs/jls/se25/html/jls-15.html,2,unassessed
J013,Java/JVM/Spring,core,Streams and collectors,lazy evaluation | terminal operations | map/flatMap | grouping | parallel reduction,associative reduction | sequential baseline,J012 | J007,labs/java,Compute per-device counts with collectors and compare a loop; test empty input.,When does a stream execute? | What makes a parallel reduction valid?,Explain laziness | Use identity and associative operation | Avoid shared accumulator races,Assuming parallelStream automatically accelerates I/O,https://docs.oracle.com/en/java/javase/25/docs/api/java.base/java/util/stream/package-summary.html,3,unassessed
J014,Java/JVM/Spring,core,Absence and nullable boundaries,Optional | null | orElse versus orElseGet | API design,explicit absent cases | boundary conversion,J003,java-producer,"Model missing optional metadata without conflating missing, empty and invalid values.",Why might orElse execute unnecessary work? | When should a nullable external value be rejected?,Separate absence from invalidity | Avoid blind get | Explain eager versus lazy fallback,Using Optional.get as a null-check replacement,https://docs.oracle.com/en/java/javase/25/docs/api/java.base/java/util/Optional.html,2,unassessed
J015,Java/JVM/Spring,core,Decimal and temporal correctness,BigDecimal | scale | rounding | Instant | timezone | duration,decimal fixtures | UTC boundary tests,J001,java-producer,Validate decimal telemetry and distinguish event time from ingestion time.,Why not construct decimal money from binary double? | How do local timestamps become ambiguous?,Specify rounding | Represent instants explicitly | Test timezone ambiguity,Using machine-local time as a stable event identifier,https://docs.oracle.com/en/java/javase/25/docs/api/java.base/java/math/BigDecimal.html | https://docs.oracle.com/en/java/javase/25/docs/api/java.base/java/time/Instant.html,3,unassessed
J016,Java/JVM/Spring,core,Algorithm reasoning and live coding,Big O | invariants | two pointers | sliding window | hash counting | binary search,loop invariant | edge-case enumeration,J006 | J007,labs/java,"Solve duplicate detection, interval merge and bounded sliding maximum from blank files.",Why is the proposed loop O(n)? | How does your invariant prove correctness?,State invariant | Bound time and memory | Test zero/one/duplicate/adversarial input,Reciting complexity without counting operations,https://docs.oracle.com/en/java/javase/25/docs/api/java.base/java/util/HashMap.html | https://docs.oracle.com/en/java/javase/25/docs/api/java.base/java/util/stream/package-summary.html,4,unassessed
J017,Java/JVM/Spring,core,Java Memory Model,data race | happens-before | visibility | ordering | volatile,execution trace | HB graph,J001,labs/java,Explain a two-thread publication trace and repair it using a volatile publication edge.,Does volatile make count++ atomic? | Does sleep establish visibility?,Draw HB edges | Separate visibility from atomicity | State all allowed outcomes under assumptions,Treating wall-clock order as synchronization,https://docs.oracle.com/javase/specs/jls/se25/html/jls-17.html,3,unassessed
J018,Java/JVM/Spring,core,Safe publication,constructor escape | final fields | static initialization | immutable snapshots,publication audit | defensive ownership,J004 | J017,java-producer,Publish immutable configuration snapshots without exposing partially initialized state.,Can this escape during construction? | Which publication mechanisms would you use?,Avoid constructor escape | Identify synchronization edge | Protect mutable reachable state,Calling all final-field objects automatically thread-safe,https://docs.oracle.com/javase/specs/jls/se25/html/jls-17.html,2,unassessed
J019,Java/JVM/Spring,core,Thread lifecycle and cancellation,start versus run | interrupt | join | daemon | cooperative stopping,bounded join | interrupt propagation,J017 | J010,java-producer,Stop a worker cleanly during a blocking wait and verify no lost accepted work.,What does interrupt actually guarantee? | Why restore interruption after catching it?,Explain cooperative cancellation | Close resources | Distinguish direct run from start,Swallowing InterruptedException and looping forever,https://docs.oracle.com/javase/specs/jls/se25/html/jls-17.html,2,unassessed
J020,Java/JVM/Spring,core,Locks and condition variables,monitor | ReentrantLock | wait/notify | condition loop | lock ordering,guarded predicate | try-finally unlock,J017 | J019,labs/java,Implement a bounded buffer and defend spurious wakeups and shutdown races.,Why use while rather than if around wait? | Which monitor does a static synchronized method use?,Guard shared invariant | Release lock safely | Explain predicate wakeup loop,Using notify as a stored message,https://docs.oracle.com/en/java/javase/25/docs/api/java.base/java/util/concurrent/locks/package-summary.html | https://docs.oracle.com/javase/specs/jls/se25/html/jls-17.html,3,unassessed
J021,Java/JVM/Spring,core,Atomics and compound invariants,CAS | AtomicLong | LongAdder | check-then-act | ABA introduction,linearization point | contention benchmark,J017 | J020,labs/java,Implement an accepted-event counter and explain why balance-plus-count needs coordination.,Where does your operation take effect atomically? | When is LongAdder unsuitable for an exact snapshot?,Identify linearization point | Respect multi-variable invariant | Explain retry under contention,Assuming two atomic fields make one atomic transaction,https://docs.oracle.com/en/java/javase/25/docs/api/java.base/java/util/concurrent/atomic/package-summary.html,2,unassessed
J022,Java/JVM/Spring,core,Concurrent collections,ConcurrentHashMap | compute | weakly consistent iteration | bounded queues,atomic per-key update | ownership model,J006 | J021,java-producer,Update per-device counters concurrently without get-then-put lost updates.,Is get then put atomic? | What snapshot does concurrent iteration provide?,Use documented atomic operation | Avoid expensive callback work | State snapshot limits,Assuming a thread-safe map makes stored lists thread-safe,https://docs.oracle.com/en/java/javase/25/docs/api/java.base/java/util/concurrent/ConcurrentHashMap.html,2,unassessed
J023,Java/JVM/Spring,core,Executors and admission control,pool size | queue capacity | rejection | shutdown | CPU versus I/O,bounded work queue | load shedding,J019 | J020,java-producer,Configure a bounded publisher worker pool and record behavior above service capacity.,How can an unbounded queue cause failure? | How do you distinguish saturation from deadlock?,Bound queued memory | Specify rejection policy | Measure service time and saturation,Treating maxPoolSize as effective with every queue choice,https://docs.oracle.com/en/java/javase/25/docs/api/java.base/java/util/concurrent/ThreadPoolExecutor.html,3,unassessed
J024,Java/JVM/Spring,core,Futures and asynchronous composition,thenApply/thenCompose | completion | exception handling | timeout | executor,nonblocking composition | deadline budget,J023 | J010,java-producer,Compose publish results and expose failure without blocking the shared worker pool.,Why does thenCompose differ from thenApply? | Does a timed-out future guarantee underlying I/O stopped?,Flatten asynchronous result | Propagate exception | Separate caller timeout from operation cancellation,Dropping asynchronous exceptions,https://docs.oracle.com/en/java/javase/25/docs/api/java.base/java/util/concurrent/CompletableFuture.html,3,unassessed
J025,Java/JVM/Spring,core,Deadlock and starvation diagnosis,circular wait | lock order | pool starvation | thread dump,wait-for graph | bounded reproduction,J020 | J023,labs/java,"Reproduce reversed lock ordering, inspect blocked threads, then repair with global ordering.",Can a pool deadlock without two explicit locks? | How would you diagnose hung requests?,Draw dependency cycle | Distinguish blocked from busy | Show correction,Adding more threads as a universal repair,https://docs.oracle.com/en/java/javase/25/docs/api/java.base/java/util/concurrent/ThreadPoolExecutor.html | https://docs.oracle.com/javase/specs/jls/se25/html/jls-17.html,2,unassessed
J026,Java/JVM/Spring,extension,Virtual threads and version changes,blocking concurrency | carrier threads | pinning version differences | resource limits,version-pinned experiment | semaphore admission,J023 | J025,labs/java,Compare platform and virtual threads for waiting workloads while bounding DB connections.,Do virtual threads speed CPU computation? | Why still limit simultaneous database calls?,Separate concurrency from parallelism | State tested JDK | Keep external resource limits,Repeating obsolete pinning claims without JDK version,https://docs.oracle.com/en/java/javase/25/core/virtual-threads.html,3,unassessed
J027,Java/JVM/Spring,core,JVM memory and reachability,heap | stack frames | metaspace | roots | allocation | escape analysis caveat,reachability diagram | retained-object lab,J004 | J019,labs/java,Trace why a static cache retains event payloads after requests finish.,What makes an object collectible? | Can stack overflow be fixed by larger heap?,Differentiate memory regions | Identify retaining path | Avoid semantic claims about optimization,Equating loss of one reference with immediate deallocation,https://docs.oracle.com/en/java/javase/25/gctuning/introduction-garbage-collection-tuning.html,2,unassessed
J028,Java/JVM/Spring,depth,Garbage collection tradeoffs,allocation rate | live set | pause versus throughput | heap sizing | collector choice,GC log analysis | controlled workload,J027,labs/java,Compare memory/latency at two heap sizes using GC logs and a fixed workload.,Why can a bigger heap change pause behavior? | How do leaks differ from high allocation?,State measured collector/version | Distinguish live set and allocation | Avoid single-run conclusions,Tuning flags before finding the bottleneck,https://docs.oracle.com/en/java/javase/25/gctuning/introduction-garbage-collection-tuning.html,4,unassessed
J029,Java/JVM/Spring,depth,Profiling and production diagnosis,CPU samples | allocation samples | JFR | thread/heap dumps | latency percentiles,hypothesis-driven profile | before/after comparison,J027 | J028 | J025,labs/java,Capture a profile of a slow event transformation and attribute cost before optimizing.,Why can low CPU coexist with high latency? | How do you distinguish retention from transient allocation?,Use attributable evidence | Preserve workload comparability | Include uncertainty,Claiming benchmark result without artifact or environment,https://docs.oracle.com/en/java/javase/25/jfapi/ | https://docs.oracle.com/en/java/javase/25/gctuning/introduction-garbage-collection-tuning.html,2,unassessed
J030,Java/JVM/Spring,extension,JIT and benchmark methodology,warmup | dead-code elimination | constant folding | JMH | variance,forked benchmark | consume results,J029 | J016,labs/java,Design a microbenchmark and explain why a single nanoTime loop is insufficient.,How can a benchmark optimize away the work? | Why might faster microcode not improve the endpoint?,Avoid eliminated work | Separate startup and steady state | Connect to end-to-end bottleneck,Publishing nanosecond results from one cold run,https://github.com/openjdk/jmh,4,unassessed
J031,Java/JVM/Spring,core,Spring dependency injection,constructor injection | bean resolution | qualifiers | configuration | test doubles,explicit dependencies | replace collaborator,J003 | J004,java-producer,Inject publisher and repository into ingestion service; replace publisher in a unit test.,Why constructor injection? | What if two beans implement the same interface?,Explain resolution | Make dependencies visible | Avoid service locator/global state,Assuming annotation presence creates a managed object,https://docs.spring.io/spring-framework/reference/core/beans/dependencies/factory-collaborators.html,2,unassessed
J032,Java/JVM/Spring,core,Bean lifecycle and scopes,singleton | prototype | request scope | initialization | destruction | state,scope ownership audit | lifecycle hook test,J031 | J018,java-producer,Show concurrent requests cannot overwrite a singleton's per-request fields.,Does singleton imply thread safety? | Who destroys prototype resources?,Separate scope from synchronization | Keep request state local | Identify resource owner,Storing current request in singleton mutable field,https://docs.spring.io/spring-framework/reference/core/beans/factory-scopes.html,2,unassessed
J033,Java/JVM/Spring,core,Configuration and secrets,profiles | externalized properties | precedence | validation | secret handling,typed config | startup fail-fast,J031 | J010,java-producer,Start with a missing required setting and demonstrate a clear failure.,How do you override a config value safely? | Why not commit passwords in application.yaml?,Validate critical settings | State precedence for chosen Boot version | Redact secrets,Assuming profile name guarantees correct production settings,https://docs.spring.io/spring-boot/reference/features/external-config.html,2,unassessed
J034,Java/JVM/Spring,core,HTTP ingestion and MVC,routing | request binding | status codes | idempotency key | payload bounds,contract tests | request state diagram,J031 | J015,java-producer,"Design POST /events with accepted, invalid, duplicate and unavailable cases.",Does 202 mean business processing completed? | What should a duplicate request return?,Define acceptance boundary | Keep status semantics consistent | Bound input,Acknowledging before the declared durability boundary,https://docs.spring.io/spring-framework/reference/web/webmvc/mvc-controller.html,3,unassessed
J035,Java/JVM/Spring,core,Input validation,syntax versus semantic checks | Bean Validation | cross-field constraints | schema version,boundary fixture matrix | fail-closed parsing,J034 | J004,java-producer,"Reject unknown versions, impossible timestamps, excessive payloads and missing IDs.",Where should validation happen? | Is valid JSON a valid domain event?,Separate syntax and domain rules | Provide field errors | Test invalid combinations,Trusting DTO type names as runtime validation,https://docs.spring.io/spring-framework/reference/web/webmvc/mvc-controller.html,2,unassessed
J036,Java/JVM/Spring,core,API error handling,controller advice | error codes | cause disclosure | correlation IDs | retry hints,stable error contract | fault fixtures,J010 | J034,java-producer,"Map validation, conflict and temporary storage failure to documented client-visible errors.",Why not expose a raw stack trace? | Which errors may a client safely retry?,Preserve server diagnosis | Avoid secret disclosure | Keep error contract stable,Returning HTTP 200 with an error string,https://docs.spring.io/spring-framework/reference/web/webmvc/mvc-controller.html,2,unassessed
J037,Java/JVM/Spring,core,Transactional proxies and rollback,proxy interception | self-invocation | rollback rules | thread-bound context,boundary integration test | fault after insert,J031 | J010,java-producer,Insert event and outbox rows atomically; throw between them and verify neither remains.,Why can self-invocation bypass @Transactional? | Does checked exception always roll back?,Identify actual proxy path | Specify rollback rules | Verify real database state,Assuming annotation creates a distributed Kafka/SQL transaction,https://docs.spring.io/spring-framework/reference/data-access/transaction/declarative/annotations.html,4,unassessed
J038,Java/JVM/Spring,depth,Transaction propagation,REQUIRED | REQUIRES_NEW | NESTED | savepoints | rollback-only | pool exhaustion,transaction trace | connection budget,J037,labs/java,Contrast an outer rollback with a separate inner transaction using explicit expected rows.,Why can REQUIRES_NEW exhaust a pool? | What is UnexpectedRollbackException signaling?,Distinguish logical and physical transactions | Track rollback-only | State savepoint support assumptions,Assuming NESTED and REQUIRES_NEW are identical,https://docs.spring.io/spring-framework/reference/data-access/transaction/declarative/tx-propagation.html,3,unassessed
J039,Java/JVM/Spring,core,Isolation and concurrency anomalies,lost update | write skew | row locks | optimistic version | retry,two-session schedule | compare-and-set update,J037 | J021,java-producer,Run two concurrent updates to a device counter; repair without lost increments.,Does @Transactional prevent all races? | When should a serialization failure be retried?,Draw schedule | Choose DB mechanism for invariant | Bound transaction retries,Treating transaction presence as serial execution,https://docs.spring.io/spring-framework/reference/data-access/transaction/declarative/annotations.html | https://docs.spring.io/spring-framework/reference/data-access/jdbc/core.html,3,unassessed
J040,Java/JVM/Spring,core,JDBC and connection pools,prepared statements | batching | autocommit | timeouts | resource lifetime | pool limits,parameterized SQL | pool saturation test,J037 | J011,java-producer,"Persist a batch with parameters, rollback on failure and prove connections return to the pool.",Does prepared SQL prevent every injection form? | Why shouldn't identifiers use value placeholders?,Bind values | Whitelist identifiers | Control transaction and connection lifetime,Keeping connection open while waiting for Kafka indefinitely,https://docs.spring.io/spring-framework/reference/data-access/jdbc/core.html,3,unassessed
J041,Java/JVM/Spring,depth,ORM versus explicit SQL,entity state | flush | lazy loading | N+1 | optimistic locking | bulk effects,query-count inspection | architecture comparison,J040 | J039,labs/java,Compare a telemetry report implemented through an ORM and explicit SQL; inspect emitted queries.,When does flush differ from commit? | How would you spot an N+1 query?,Explain chosen persistence model | Count queries | State lifecycle assumptions,Assuming repository methods imply efficient queries,https://docs.spring.io/spring-framework/reference/data-access/orm/jpa.html,3,unassessed
J042,Java/JVM/Spring,core,Kafka producer client integration,async send | delivery callback | serializer | buffer | batch | thread safety,delivery-result audit | client ownership,J024 | J011 | J034,java-producer,Track enqueue and final broker acknowledgment separately; inject delivery failure.,Does send returning mean the event is durable? | Where are asynchronous errors observed?,Wait for declared boundary | Handle callback errors | Close shared producer on shutdown,Treating enqueue success as final delivery,https://kafka.apache.org/41/javadoc/org/apache/kafka/clients/producer/KafkaProducer.html,3,unassessed
J043,Java/JVM/Spring,core,Outbox publisher ownership,database acceptance | relay retry | stable event ID | duplicate publish | claim locking,crash-window table | durable outbox state machine,J037 | J040 | J042,java-producer,Crash relay after publish before marking delivered; show stable identity permits downstream deduplication.,Why can the outbox publish twice? | What does successful ingestion guarantee?,Separate acceptance and processing | Preserve stable IDs | Account for retry and relay concurrency,Promising exactly-once broker emission from an outbox,https://kafka.apache.org/41/javadoc/org/apache/kafka/clients/producer/KafkaProducer.html | https://docs.spring.io/spring-framework/reference/data-access/jdbc/core.html,4,unassessed
J044,Java/JVM/Spring,core,Service security boundaries,authentication | authorization | filter chain | CSRF applicability | CORS | rate limits,threat table | negative access tests,J034 | J036,java-producer,"Authenticate ingress, reject unauthorized tenants and avoid leaking credentials.",How does authentication differ from authorization? | Does CORS protect a server from arbitrary clients?,Identify trust boundary | Enforce tenant scope | Explain browser-specific controls,Equating CORS with authorization,https://docs.spring.io/spring-security/reference/servlet/architecture.html,3,unassessed
J045,Java/JVM/Spring,core,Testing layers and fault design,unit | MVC slice | integration | real database | test doubles | determinism,contract assertions | recovery test,J035 | J037 | J042,java-producer,"Write tests whose oracle checks durable effects after injected failure, not just mocked calls.",What can a mock not establish? | Why test through the proxy boundary?,Use observable state oracle | Separate unit and integration claims | Make tests reproducible,Calling mock-based tests end-to-end proof,https://docs.spring.io/spring-framework/reference/testing.html,4,unassessed
J046,Java/JVM/Spring,core,Build and dependency management,Maven lifecycle | scopes | transitive versions | compiler target | wrapper | test phases,clean reproducible build | dependency tree,J001,java-producer,Build from a fresh checkout with declared JDK and reproducible dependency resolution.,What differs between package and verify? | How do dependency conflicts arise?,Explain lifecycle | Pin compatible runtime | Inspect dependency resolution,Relying on IDE-only classpath state,https://maven.apache.org/guides/introduction/introduction-to-the-lifecycle.html,2,unassessed
J047,Java/JVM/Spring,depth,Version-sensitive Java compatibility,Java 8 fundamentals | modern records | toolchain | bytecode target | framework constraints,compatibility table | compile target check,J046 | J026,labs/java,Document which chosen features fail on Java 8 and how to explain legacy internals correctly.,Can a Java 25 class run on a Java 8 runtime? | Should you answer Java 8 HashMap internals with another JDK source?,Name source/runtime versions | Separate language and library changes | Avoid unsupported portability,Assuming newest runtime is the employer's runtime,https://docs.oracle.com/javase/tutorial/java/generics/index.html | https://docs.oracle.com/en/java/javase/25/core/virtual-threads.html,2,unassessed
J048,Java/JVM/Spring,depth,Public contracts and schema evolution,API compatibility | unknown fields | enum evolution | deprecation | consumer contract,versioned fixtures | compatibility tests,J034 | J035 | J045,java-producer,Evolve event metadata while old readers keep working; reject incompatible semantic changes.,What makes a change backward compatible? | How do default values affect meaning?,State reader/writer assumptions | Preserve meaning not only parsing | Test old fixtures,Labeling parsing success as semantic compatibility,https://docs.spring.io/spring-framework/reference/web/webmvc/mvc-controller.html | https://kafka.apache.org/41/javadoc/org/apache/kafka/clients/producer/KafkaProducer.html,3,unassessed
P001,Python,core,"Names, objects and binding",identity | equality | rebinding | argument passing | aliasing,object graph | predict before executing,,labs/python,Predict alias/rebinding results and draw reachable objects at each step.,Does assignment copy the object? | Can a function rebind its caller's variable?,Distinguish name and object | Trace mutation | Explain identity versus equality,Calling assignment an implicit deep copy,https://docs.python.org/3/tutorial/classes.html,2,unassessed
P002,Python,core,Mutability and copying,mutable containers | tuple contents | shallow copy | deep copy | shared references,alias challenge | explicit ownership,P001,python-consumer,Protect validated event data from subsequent caller mutation.,Can a tuple contain mutable state? | What does a shallow list copy share?,Show nested alias | Specify ownership | Test nested mutation,Treating immutable outer container as deep immutability,https://docs.python.org/3/reference/datamodel.html,2,unassessed
P003,Python,core,Function signatures and defaults,default evaluation | positional-only | keyword-only | variadic arguments | sentinels,signature design | two-call trap,P001 | P002,labs/python,Repair a mutable-default accumulator and distinguish omitted versus explicit None.,When are default expressions evaluated? | How would you represent missing versus null?,Use safe default ownership | Explain binding errors | Preserve intentional null,Using [] as an unintended shared default,https://docs.python.org/3/tutorial/controlflow.html,2,unassessed
P004,Python,core,Scope and closures,LEGB | late binding | nonlocal | global | closure cells,predict loop lambdas | factory closure,P003,labs/python,Generate device-specific handlers without all closures using the final device.,Why do lambdas in a loop capture the final value? | When does nonlocal matter?,Explain cell lookup timing | Show correct capture | Avoid hidden global mutation,Assuming closure captures a snapshot automatically,https://docs.python.org/3/tutorial/controlflow.html,2,unassessed
P005,Python,core,Classes and method lookup,instance versus class attributes | MRO | super | composition | dataclass,state ownership test | interface adapter,P001 | P002,python-consumer,Create a processor with independent per-instance state and injected persistence.,Why can a class-level list leak state between instances? | What does super resolve?,Distinguish class and instance state | Explain method binding | Prefer explicit dependencies,Using class attributes for mutable per-device buffers,https://docs.python.org/3/tutorial/classes.html,2,unassessed
P006,Python,depth,Python protocols and descriptors,dunder methods | attribute lookup | descriptor | property | context protocol,minimal protocol implementation | lookup trace,P005,labs/python,Implement a read-only event view and explain property versus stored attribute.,How does a property participate in lookup? | How can duck typing define a usable interface?,Trace lookup | Implement only needed protocol | Separate interface from inheritance,Implementing magic methods without preserving protocol laws,https://docs.python.org/3/reference/datamodel.html,3,unassessed
P007,Python,core,Hashing and dictionary correctness,hash/equality | mutable key restriction | set | ordered dict behavior | collision,hash-contract lab | immutable composite key,P002 | P005,labs/python,Use a frozen event key and test duplicate detection under deliberate hash collisions.,Must equal objects have equal hashes? | Why is a list unhashable?,State hash contract | Qualify average complexity | Test stable keys,Assuming equal hashes imply equality,https://docs.python.org/3/reference/datamodel.html,2,unassessed
P008,Python,core,Iteration protocol,iterable versus iterator | iter/next | StopIteration | one-shot consumption,custom iterator | exhaustion fixture,P003,labs/python,Implement bounded event iteration and test exhaustion and repeated iteration behavior.,What makes an object iterable? | Can two consumers independently reuse the same iterator?,Separate iterable from cursor | Handle exhaustion | Explain shared iterator state,Calling next on any iterable without obtaining iterator,https://docs.python.org/3/reference/datamodel.html,2,unassessed
P009,Python,core,Generators and streaming memory,yield | suspension | yield from | lazy work | cleanup | retained locals,bounded generator pipeline | early-close test,P008 | P010,python-consumer,Read and validate NDJSON lazily and measure memory versus list materialization.,When does a generator body execute? | Can a generator still retain a large object?,Explain suspension | State memory bound | Close resources on early exit,Claiming laziness automatically makes memory O(1),https://docs.python.org/3/reference/datamodel.html,3,unassessed
P010,Python,core,Context managers and transactions,enter/exit | exception suppression | contextmanager | resource ownership,rollback-on-exception fixture | explicit close,P003,python-consumer,Use a context-managed transaction and verify exceptions do not turn into successful offset commits.,How can __exit__ suppress an exception? | What happens if generator context manager catches without re-raising?,State cleanup contract | Preserve failures | Separate resource close from business commit,Swallowing exception in context manager,https://docs.python.org/3/library/contextlib.html,3,unassessed
P011,Python,core,Decorators and transparent wrappers,call-time versus definition-time | wraps | parameters | stacking | retry,preserve metadata | bounded retry wrapper,P004 | P013 | P014,labs/python,Write a timing decorator preserving result and exception; test composed wrappers.,When does decorator code run? | Why use functools.wraps?,Preserve behavior | Handle errors | Explain application order,Generic retry decorator around non-idempotent side effects,https://docs.python.org/3/tutorial/controlflow.html,2,unassessed
P012,Python,core,Type hints and runtime boundaries,annotations | Optional | TypedDict | Protocol | generics | type checker,static check | runtime validation separation,P005 | P003,python-consumer,Type processor dependencies and demonstrate invalid JSON still requires validation.,Do annotations enforce types at runtime? | How does Protocol differ from a base class?,State static contract | Validate external values | Avoid unchecked Any propagation,Trusting a type annotation to reject malformed payloads,https://docs.python.org/3/library/typing.html,3,unassessed
P013,Python,core,Validation and deterministic parsing,missing/null | numeric ranges | bool as int | unknown fields | schema versions,fixture matrix | explicit parse result,P012 | P003,python-consumer,"Reject impossible timestamps, nonfinite numbers, bool numeric fields and unsupported versions.","Why can isinstance(True, int) surprise you? | When should unknown fields be rejected?",Enforce domain meaning | Distinguish absence | Provide stable error,Accepting any syntactically valid JSON as valid event,https://docs.python.org/3/library/json.html | https://docs.python.org/3/reference/datamodel.html,2,unassessed
P014,Python,core,Exception control flow,raise | cause chaining | finally | exception hierarchy | retryable failures,classification table | failure-preserving test,P003,python-consumer,"Classify decode failures, database timeouts and programming errors without committing unprocessed offsets.",Why avoid catching BaseException? | What can a return in finally hide?,Preserve traceback | Separate retry classes | Never report success after failed work,Broad catch with log-and-continue losing data,https://docs.python.org/3/tutorial/errors.html,2,unassessed
P015,Python,depth,CPython memory management,reference counting | cyclic GC | weak references | implementation scope,cycle experiment | retaining graph,P002 | P005,labs/python,Create a reference cycle and attribute retention without relying on deterministic finalizers.,What does del actually do? | How do cycles differ from simple reference-count release?,Scope to implementation/build | Identify retained references | Keep resources deterministic,Presenting CPython internals as every Python implementation,https://docs.python.org/3/library/gc.html | https://docs.python.org/3/reference/datamodel.html,3,unassessed
P016,Python,core,GIL and workload classification,concurrency versus parallelism | GIL-enabled CPython | I/O release | native extensions | process costs,CPU/I/O benchmark | runtime metadata,P015 | P019,labs/python,"Measure pure-Python CPU work with one and multiple threads, recording build and library behavior.",Does the GIL mean only one thread exists? | Can native code run in parallel despite the GIL?,Scope claims to build | Distinguish CPU and wait time | Use measured evidence,Claiming all Python execution is permanently single-threaded,https://docs.python.org/3/library/threading.html,3,unassessed
P017,Python,extension,Optional free-threaded Python,build option | GIL runtime state | extension compatibility | shared-state races | container locks,build-state check | version-pinned race lab,P016 | P022,labs/python,Document free-threaded capability and test protected state with a compatible environment if available.,Does removing the GIL remove all races? | Can importing an extension affect GIL behavior?,State exact build | Check extension support | Keep explicit synchronization,Inferring application thread safety from internal container locks,https://docs.python.org/3/howto/free-threading-python.html,3,unassessed
P018,Python,core,Thread ownership and synchronization,Lock | RLock | Event | Condition | bounded queue | join | shutdown,owner thread | guarded invariant,P014 | P001,python-consumer,"Coordinate polling, worker results and shutdown without sharing unsafe state.",Does the GIL protect a multi-step business invariant? | How do you safely stop a blocked worker?,Protect compound actions | Use clear ownership | Drain or reject work explicitly,Using daemon threads as reliable cleanup,https://docs.python.org/3/library/threading.html,3,unassessed
P019,Python,core,Processes and CPU parallelism,serialization | spawn/fork differences | pickling | IPC | pool | startup overhead,pure worker function | bounded submissions,P005 | P014,python-consumer,Move CPU-heavy transformation to a process pool without passing Kafka/DB clients.,Why can a closure fail in a process pool? | What changes with spawn?,Use serializable data | Create clients in owner process | Account for IPC overhead,Forking live database connections or passing them as jobs,https://docs.python.org/3/library/multiprocessing.html | https://docs.python.org/3/library/concurrent.futures.html,3,unassessed
P020,Python,core,Asyncio scheduling,coroutine | task | await | event loop | blocking call | bounded concurrency,event-loop lag measurement | semaphore,P008 | P014,labs/python,Run independent I/O coroutines and show why pure CPU work blocks unrelated tasks.,Does async def make a function parallel? | When does asyncio.create_task schedule work?,Explain cooperative progress | Avoid blocking loop | Bound concurrent operations,Replacing process pool with async for CPU-bound loops,https://docs.python.org/3/library/asyncio-task.html,3,unassessed
P021,Python,core,Cancellation and deadlines,CancelledError | TaskGroup | wait_for | cleanup | partial effects | timeout budget,cancel-at-boundary tests | deadline propagation,P020 | P010,labs/python,Cancel a processing task around persistence and explain whether its effect already happened.,Can timeout imply the server did nothing? | Why propagate cancellation after cleanup?,Preserve cancellation | Track side effects separately | Distinguish deadline from undo,Retrying timed-out non-idempotent operation as if no effect occurred,https://docs.python.org/3/library/asyncio-task.html,3,unassessed
P022,Python,core,Bounded pipeline coordination,queue backpressure | result ordering | in-flight limits | ownership | contiguous completion,per-partition watermark | bounded buffer,P018 | P019,python-consumer,Complete offset 12 before 11; prove the committed boundary cannot skip 11.,Why not commit the maximum completed offset? | How do you cap memory when workers slow down?,Track contiguous completion | Keep owner thread decisions | Bound queue and in-flight work,Committing out-of-order worker completion blindly,https://docs.python.org/3/library/queue.html | https://docs.confluent.io/platform/current/clients/confluent-kafka-python/html/index.html,4,unassessed
P023,Python,core,Collections and cost models,list | dict | set | deque | Counter | heap | copy cost,operation table | top-k implementation,P007 | P008,labs/python,Implement bounded recent-event dedup cache and explain its retention limits.,Why is deque suitable for a FIFO? | Can an in-memory dedup cache establish durable exactly-once effects?,Compare costs | Include eviction semantics | Separate cache from durable inbox,Calling deque operations or dictionary lookup universal constant-time guarantees,https://docs.python.org/3/library/collections.html | https://docs.python.org/3/library/heapq.html,2,unassessed
P024,Python,core,"Text, bytes and encodings",str/bytes | UTF-8 | decode failure | normalization | byte-size limits,multibyte fixtures | strict boundary decode,P003 | P013,python-consumer,Decode valid and malformed Kafka payloads; bound bytes before allocating huge nested structures.,Why do character count and byte length differ? | Should malformed encoding be silently replaced?,Identify wire encoding | Preserve error evidence | Apply documented rejection policy,Treating arbitrary binary payload as UTF-8 without checks,https://docs.python.org/3/library/json.html,2,unassessed
P025,Python,core,Numeric semantics,int | float | Decimal | NaN | rounding | statistics,numerical edge cases | explicit tolerance,P013,python-consumer,Compute anomaly score with documented finite-value and rounding policies.,Why is float equality risky? | What does NaN do to comparisons?,Check finite values | Specify precision | Use scale-aware tolerances,Claiming Decimal fixes every numerical modeling error,https://docs.python.org/3/library/decimal.html,3,unassessed
P026,Python,core,Time and timezone semantics,aware/naive datetime | UTC | event time | ingestion time | monotonic duration,timezone fixtures | separate clocks,P013,python-consumer,Compute event lateness using timestamp instants and operation duration using a monotonic clock.,Why is wall clock poor for timeout duration? | How do you compare timestamps across DST transitions?,Keep aware instants | Separate duration and calendar time | Test invalid naive input,Using datetime.now subtraction as a universal monotonic timer,https://docs.python.org/3/library/datetime.html | https://docs.python.org/3/library/time.html,2,unassessed
P027,Python,core,File and stream I/O,buffering | binary/text | partial reads | atomic replacement | resource lifetime,streamed fixtures | failure-before-close test,P009 | P010,labs/python,Stream a large NDJSON replay without read-all allocation; fail safely on a partial final line.,Does read always return requested bytes? | How do you handle truncated replay input?,Handle partial/truncated data | Close promptly | Specify restart boundary,Assuming line completeness after a crash,https://docs.python.org/3/library/io.html,2,unassessed
P028,Python,core,Serialization contract,JSON types | decimal representation | schema version | canonicalization limits | size depth limits,cross-language golden fixture | schema validation,P013 | P025 | P024,python-consumer,Round-trip the same event fixture with Java while preserving ID and numeric meaning.,Can JSON represent every Python object? | Why might numeric representation differ across languages?,Preserve shared meaning | Reject invalid representations | Specify versioned contract,Using repr or pickle as public wire schema,https://docs.python.org/3/library/json.html,3,unassessed
P029,Python,core,Python Kafka client lifecycle,poll callbacks | subscribe/assign | offset commit | pause/resume | client ownership | shutdown,single-owner loop | rebalance-aware completion,P022 | P014 | P028,python-consumer,"Process messages under explicit client ownership, preserve contiguous offsets and drain safely on revocation.",Which API thread-safety rules belong to your chosen client? | What happens to worker results after partition revocation?,Name client/version | Do not transfer Java client assumptions | Commit only durable contiguous completion,Assuming all Python Kafka clients have identical thread safety,https://docs.confluent.io/platform/current/clients/confluent-kafka-python/html/index.html,4,unassessed
P030,Python,core,SQL client and transaction ownership,parameter binding | transaction scope | rollback | pool | connection versus cursor sharing,durable-inbox transaction | connection-owner audit,P010 | P014 | P018,python-consumer,Insert inbox marker and business effect in one transaction; replay duplicate and verify one effect.,Is a thread-safe connection the same as parallel independent transactions? | Can DB connections be shared across processes?,Specify connection owner | Keep same transaction for inbox/effect | Bind values,Sharing one transaction across unrelated workers accidentally,https://www.psycopg.org/psycopg3/docs/advanced/async.html,4,unassessed
P031,Python,core,Performance measurement,perf_counter | process time | latency distribution | warmup | sample size,fixed-seed workload | timing boundary,P025 | P026,labs/python,Measure processing throughput and p50/p95/p99 separately with workload and machine metadata.,How does CPU time differ from elapsed time? | Why is mean insufficient for tail latency?,Define measurement boundary | Report sample count | Avoid attributing setup costs to steady-state work,Choosing only the best run and calling it typical,https://docs.python.org/3/library/time.html,3,unassessed
P032,Python,depth,CPU profiling and bottleneck attribution,cProfile | cumulative versus self time | sampling | instrumentation overhead | Amdahl bound,profile first | before/after workload,P031 | P019,labs/python,"Profile a slow batch, optimize one hotspot and measure total speedup.",Why might reducing function time barely help total runtime? | How can instrumentation affect the measured workload?,Attribute hotspot | Include overhead caveat | Compute affected-runtime fraction,Optimizing syntax before measuring bottleneck,https://docs.python.org/3/library/profile.html,3,unassessed
P033,Python,core,Packaging and repeatable environments,virtual environment | pyproject | dependency constraints | entry point | wheel | interpreter version,fresh install | declared runtime,P003,python-consumer,Install and run the consumer from a fresh environment using documented dependencies.,Why might pip resolve a different environment later? | What belongs in project metadata?,Declare interpreter/dependencies | Avoid relying on local path hacks | Record exact tested environment,Assuming one global pip install is a reproducible build,https://packaging.python.org/en/latest/tutorials/packaging-projects/,2,unassessed
P034,Python,core,Structured logging and observability,logger hierarchy | levels | correlation ID | exception info | redaction | cardinality,structured event logs | failure trace,P014 | P029,python-consumer,"Trace one event through receive, validate, persist and commit with no credentials in logs.",Why avoid logging full sensitive payloads? | How do you distinguish retried event from new event?,Preserve stable event ID | Record failure stage | Bound sensitive data and volume,Logging success before commit completes,https://docs.python.org/3/library/logging.html,2,unassessed
P035,Python,core,"Unit, integration and deterministic tests",unittest | fixtures | mocks | real side effects | seed | clock injection | cleanup,observable state oracle | fault injection,P013 | P030,python-consumer,"Test malformed payload, duplicate event and database rollback using stable fixtures.",What does a mocked DB not prove? | Why inject a clock into a time-dependent rule?,Use deterministic fixtures | Assert durable result | State untested boundaries,Counting coverage as proof of recovery correctness,https://docs.python.org/3/library/unittest.html,4,unassessed
P036,Python,depth,Property and metamorphic testing,invariant | generated cases | shrinking concept | permutation | duplicate insertion | boundary oracle,metamorphic relations | reference model,P035 | P023,labs/python,Generate repeated/reordered events and compare results to a slow reference processor.,What property survives duplicate delivery? | Can a test oracle share the implementation's bug?,Specify law first | Use independent model | Record counterexample and seed,Asserting implementation against itself,https://docs.python.org/3/library/unittest.html,3,unassessed
P037,Python,depth,Memory profiling and retention,tracemalloc | peak versus retained | snapshot | native memory caveat | buffer caps,snapshot difference | bounded memory run,P015 | P031 | P022,labs/python,Compare list versus generator replay and detect an intentionally retained buffer.,Does tracemalloc equal full process RSS? | What distinguishes peak allocation from leak?,State measurement scope | Show retaining cause | Bound workload and buffer size,Equating all native memory with tracked Python allocations,https://docs.python.org/3/library/tracemalloc.html,3,unassessed
P038,Python,core,Unsafe input and subprocess boundaries,pickle risk | eval | command injection | SQL injection | secrets | least privilege,argument-list subprocess | negative fixtures,P024 | P030 | P014,python-consumer,Reject hostile data without eval/pickle and invoke tooling without shell interpolation.,Why is pickle unsafe for untrusted events? | Does shell=False prevent every argument-based abuse?,Keep data separate from code | Validate executable arguments | Bind SQL values,Treating a command argument list as a complete security policy,https://docs.python.org/3/library/subprocess.html | https://docs.python.org/3/library/pickle.html,3,unassessed
P039,Python,core,CLI and operational behavior,argparse | exit code | SIGTERM handling | dry run | configuration | health,deterministic entry point | shutdown test,P033 | P018 | P034,python-consumer,"Expose replay/consumer modes with validated config, nonzero failure exits and documented shutdown.",Why should a failed batch exit nonzero? | What happens if SIGTERM arrives during persistence?,Document exit semantics | Drain or abandon with replay safety | Validate startup config,Returning success after partial unreported processing failure,https://docs.python.org/3/library/argparse.html,2,unassessed
P040,Python,core,Live algorithm and code defense,loop invariant | hash counting | sliding window | heap | generator | recursion limits,blank-file coding | reference comparison,P023 | P009,labs/python,"Solve top-k devices, duplicate IDs and moving averages without looking at the reference.",How would you prove your window update correct? | When does an O(n) algorithm still use excessive memory?,Explain invariant | Bound time and space | Defend edge cases under follow-up,Recognizing a memorized answer without reconstructing it,https://docs.python.org/3/library/collections.html,4,unassessed
K001,Kafka,core,Partitioned log and offsets,topic/partition/replica | partition-local append order | offset identity and gaps,offset trace | metadata inspection,,kafka,Produce keyed records and explain each topic/partition/offset tuple.,How does a log differ from a queue? | Is offset 42 a global event ID?,Separate retention from consumption | Bound order to partition | Identify offsets with topic and partition,Consumption is not deletion and offsets need not be dense.,https://kafka.apache.org/41/design/design/,1,unassessed
K002,Kafka,core,"Keys, partitioning and hot keys",key hashing | null-key batching | partition expansion and remapping,key histogram | skewed load test,K001,kafka,Compare uniform and skewed warehouse/device key distributions.,Why select device versus warehouse as key? | What changes when partitions increase?,Choose ordering domain | Explain skew bottleneck | Qualify ordering during remapping,More partitions do not resolve one indivisible hot key.,https://kafka.apache.org/41/configuration/producer-configs/,1.5,unassessed
K003,Kafka,core,"Replication, ISR and acknowledgements",leader/followers | current ISR versus RF | acks and minimum ISR,failure matrix | describe snapshots,K001,kafka,In a later three-broker profile record write acceptance after losing one then two replicas.,Does acks=all mean every configured replica? | What does RF=3/minimum ISR=2 trade off?,Separate RF and ISR | Explain below-minimum write rejection | State disk/network failure assumptions,Acknowledgement settings do not prove unconditional durability.,https://kafka.apache.org/41/design/design/ | https://kafka.apache.org/41/configuration/topic-configs/ | https://kafka.apache.org/41/configuration/producer-configs/,2,unassessed
K004,Kafka,depth,KRaft metadata versus record replication,controller quorum | metadata leadership | combined/separate roles,quorum inspection | topology drawing,K003,kafka,Contrast single-node restart with a three-controller quorum failure.,What does KRaft replace? | Can metadata quorum restore a lost sole data copy?,Separate metadata and data planes | Identify quorum majority | Bound single-node evidence,A single broker restart does not prove replicated failover.,https://kafka.apache.org/41/operations/kraft/,1.5,unassessed
K005,Kafka,core,Producer idempotence,producer sequence tracking | transport retry versus new send | compatible configuration,duplicate injection | configuration audit,K003,kafka,Compare client transport retry with application resubmission of the same event.,Which duplicates does idempotence remove? | Why can an API retry still append another record?,Bound producer guarantee | Distinguish event ID from sequence | Require business deduplication,Producer idempotence is not external business exactly-once.,https://kafka.apache.org/41/configuration/producer-configs/,1.5,unassessed
K006,Kafka,depth,Kafka transactions and fencing,transactional IDs | atomic Kafka outputs/offsets | stale producer fencing,abort/commit traces | incarnation restart,K005 | K010,kafka,Implement a later Kafka-to-Kafka branch committing output and consumed offsets together.,What belongs inside a Kafka transaction? | Why fence a previous producer incarnation?,Include source offsets | Use stable unique transactional IDs | Exclude independent DB writes,Kafka transactions do not include arbitrary JDBC or HTTP effects.,https://kafka.apache.org/41/design/design/ | https://kafka.apache.org/41/configuration/producer-configs/,2,unassessed
K007,Kafka,core,Batching and bounded producer buffers,batch/linger | compression | blocking versus delivery deadlines,latency/throughput sweep | buffer exhaustion,K002,kafka,Measure fixed-workload throughput and p95 latency at several batching configurations.,Why can batching improve latency under load? | What occurs when buffers fill?,Report latency and rate together | Recognize per-partition batches | Separate timeout boundaries,An asynchronous send returning is not broker acknowledgement.,https://kafka.apache.org/41/configuration/producer-configs/,1.5,unassessed
K008,Kafka,core,Consumer groups and assignment,group versus instance | partition ownership | classic consumer concurrency ceiling,assignment capture | scale-out experiment,K001,kafka,Run two groups over three partitions and record separate consumption.,Why do two groups both receive a record? | Why can some consumers remain idle?,Separate instance/group identities | Bound classic active owners by partition count | Identify skew limits,Five classic consumers cannot independently own one partition at once.,https://kafka.apache.org/41/configuration/consumer-configs/,1,unassessed
K009,Kafka,core,Poll budgets and heartbeats,max.poll.interval.ms | classic heartbeats | new-protocol broker controls,delay injection | poll duration histogram,K008,kafka,Delay processing beyond the configured poll budget and save reassignment/error evidence.,Can healthy heartbeats coexist with poll timeout? | Which settings differ under group.protocol=consumer?,Separate liveness and progress | Name client/protocol version | Bound batches or workers,Do not copy Java/classic settings onto every Python/new-protocol client.,https://kafka.apache.org/41/configuration/consumer-configs/ | https://kafka.apache.org/41/operations/consumer-rebalance-protocol/,1.5,unassessed
K010,Kafka,core,"Position, committed offsets and reset",fetch position | recovery checkpoint | earliest/latest reset conditions,restart traces | per-partition commit map,K008,kafka,Restart before and after checkpointing next offset 8.,After processing record 7 what is committed? | Does earliest override a valid checkpoint?,Use next-offset convention | Separate fetch from durable progress | Explain missing/out-of-range policy,The last processed offset itself is not the next recovery offset.,https://kafka.apache.org/41/configuration/consumer-configs/,1,unassessed
K011,Kafka,core,Partial batches and completion frontiers,completed prefix | out-of-order completions | independent partitions,frontier algorithm | failed-middle fixture,K010,kafka,Complete offsets 10 and 12 while 11 fails and assert checkpoint cannot pass 11.,Can 13 be committed with 11 unfinished? | How do two partitions advance independently?,Track per-partition completion | Require durable prefix | Explicitly define quarantine as terminal policy,Maximum completed offset can skip unfinished work.,https://kafka.apache.org/41/configuration/consumer-configs/,2,unassessed
K012,Kafka,core,Rebalance and in-flight recovery,revocation/assignment | stale tasks | commit and DB boundaries,two-consumer trace | revocation fixture,K009 | K011,kafka,Revoke ownership during a DB task and verify recovery and deduplication.,What must revocation protect? | Can the previous worker still mutate the database?,Stop or fence stale work | Preserve prefix logic | Protect sink independently,Group commit fencing does not itself fence external DB effects.,https://kafka.apache.org/41/configuration/consumer-configs/,2,unassessed
K013,Kafka,depth,"Eager, cooperative and consumer protocols",client assignors | incremental revocation | new protocol migration,capability matrix | rebalance log comparison,K012,kafka,Check actual client support before comparing protocol behavior.,How does cooperative assignment reduce disruption? | Is consumer protocol identical to CooperativeStickyAssignor?,Separate protocol and assignor | Explain retained/moved partitions | State migration prerequisites,An assignment strategy is not the whole group protocol.,https://kafka.apache.org/41/operations/consumer-rebalance-protocol/ | https://kafka.apache.org/41/configuration/consumer-configs/,1.5,unassessed
K014,Kafka,depth,Static membership,stable instance ID | restart disruption | delayed failover,duplicate-ID fixture | graceful shutdown trace,K012,kafka,Compare restart rebalance counts under dynamic and static membership.,What improves with static membership? | What if instance IDs collide?,Choose unique stable identities | Explain timeout tradeoff | Recognize instance fencing,Static membership does not eliminate every rebalance.,https://kafka.apache.org/41/configuration/consumer-configs/,1,unassessed
K015,Kafka,core,Consumer concurrency and confinement,poll owner thread | bounded task pool | order-preserving workers,single-owner loop | bounded queues,K011 | K012,kafka,Parallelize partitions while serializing each required ordering domain.,Why not share Java KafkaConsumer between arbitrary threads? | How do workers report completion?,Maintain API thread discipline | Bound outstanding work | Report durable completion,One global max offset is unsafe with parallel workers.,https://kafka.apache.org/41/configuration/consumer-configs/,2,unassessed
K016,Kafka,core,Transient retries versus poison records,error classification | bounded attempts/age | retry ordering,retry table | backoff and jitter,K011,kafka,Route invalid schema and temporary DB outage differently.,Why avoid infinite retry? | What order changes when using retry topics?,Classify permanent/transient errors | Bound retry resources | Explain block versus reorder tradeoff,Skipping every exception loses records and retrying invalid data forever stalls progress.,https://kafka.apache.org/41/configuration/consumer-configs/ | https://kafka.apache.org/41/streams/core-concepts/,1.5,unassessed
K017,Kafka,core,Durable DLQ and replay,failure envelope | quarantine before checkpoint | preserved logical identity,DLQ failure trace | replay manifest,K016,kafka,Crash before and after durable quarantine publication and source checkpoint.,Is publish-to-DLQ then commit atomic? | Does redrive require a new event ID?,Handle DLQ duplicates | Advance only after durable terminal decision | Preserve audit identity,A failed DLQ write cannot justify skipping source data.,https://kafka.apache.org/41/design/design/,1.5,unassessed
K018,Kafka,core,Retention and replay horizons,time/size expiry | outage plus catch-up | offset out of range,recovery budget | retention breach drill,K010,kafka,"Check outage, replay, DLQ redrive and marker lifetimes against each other.",Are records retained until every consumer reads? | What if recovery offset was deleted?,Budget outage and catch-up | Bound manual replay | Recognize irreversible retained-source loss,Kafka retention is not a permanent archive.,https://kafka.apache.org/41/configuration/topic-configs/,1.5,unassessed
K019,Kafka,depth,Compaction and tombstones,latest state per key | asynchronous cleaning | deletion horizon,state reconstruction | tombstone fixture,K002 | K018,kafka,Compare immutable event topic with compacted current-device-state topic.,Does compaction deduplicate DB effects? | What if bootstrap misses tombstones?,Separate state and audit logs | Allow pre-clean duplicates | Bound deletion visibility,Compaction cannot preserve guaranteed full event history.,https://kafka.apache.org/41/configuration/topic-configs/,1.5,unassessed
K020,Kafka,core,Schema contracts and compatibility,required/optional fields | writer/reader directions | envelope versions,compatibility fixtures | old-reader tests,K001,kafka,Test added optional field and removed required field against old consumers.,What is backward compatibility? | Why place schema version in an envelope?,Define compatibility direction | Test semantic meaning | Preserve logical identity,JSON syntax validity is not schema or semantic compatibility.,https://avro.apache.org/docs/1.12.0/specification/,1.5,unassessed
K021,Kafka,core,"Lag, event age and durable progress",offset lag | oldest unfinished age | sink progress,partition dashboards | metric correlation,K011,kafka,Stall one hot partition and demonstrate misleading group averages.,Can lag be zero while effects failed? | Which signals distinguish CPU and sink delay?,Separate fetched and applied progress | Inspect each partition | Correlate retries and latency,Committed offsets alone do not prove correct effects.,https://kafka.apache.org/41/operations/monitoring/,1.5,unassessed
K022,Kafka,depth,Transactional visibility,read_committed | last stable offset | open and aborted transactions,open-transaction trace | isolation comparison,K006 | K010,kafka,Compare consumers while one producer transaction remains open.,Why can read_committed trail log end? | Are nontransactional records invisible?,Separate committed visibility and log end | Explain transaction frontier | Bound external sink guarantee,Consumer isolation does not atomically include PostgreSQL.,https://kafka.apache.org/41/configuration/consumer-configs/,1,unassessed
K023,Kafka,depth,Leadership and visibility frontiers,high watermark | replica eligibility | unclean election,leader-loss diagram | survivor reconciliation,K003,kafka,Predict retained records under clean and explicitly unsafe election assumptions.,Why may a leader append not be visible? | What does unsafe election sacrifice?,Separate append and committed visibility | Explain eligible replicas | State durability/availability tradeoff,A leader-local append is not a replicated durability guarantee.,https://kafka.apache.org/41/design/design/,1.5,unassessed
K024,Kafka,core,Pause/resume and backpressure,finite in-flight memory | control-loop liveness | resume thresholds,queue memory bound | slow-sink test,K009 | K015,kafka,Pause saturated partitions while maintaining required polling.,Why pause rather than sleep for minutes? | How do you choose queue capacity?,Budget memory | Keep protocol responsive | Resume from measured capacity,Unbounded application queues defeat broker buffering benefits.,https://kafka.apache.org/41/configuration/consumer-configs/ | https://sre.google/sre-book/handling-overload/,1.5,unassessed
K025,Kafka,depth,"TLS, authentication and ACLs",encryption | principal identity | topic/group permissions,deny matrix | forbidden-action tests,K008,kafka,"Give relay, processor and observer narrowly scoped privileges.",Does TLS authorize writes? | What permission differs between consumer and producer?,Separate security layers | Scope topics/groups | Protect secrets and monitoring,Plaintext localhost success proves no production security claim.,https://kafka.apache.org/41/security/security-overview/,2,unassessed
K026,Kafka,depth,Connect and CDC integration,connectors/tasks | snapshots and restart | retained WAL,custom-versus-connector ADR | slot lag budget,K020 | S034,kafka,Compare polling outbox with a CDC design and its operational obligations.,Why choose Connect? | What happens when a replication slot stops draining?,Separate framework and connector guarantees | Address restart/snapshot | Budget retained WAL,Connector semantics vary and do not automatically remove duplicates.,https://kafka.apache.org/41/kafka-connect/overview/ | https://www.postgresql.org/docs/15/logicaldecoding.html | https://debezium.io/documentation/reference/stable/transformations/outbox-event-router.html,2,unassessed
K027,Kafka,extension,Streams joins and state stores,stream/table distinction | keyed state/changelog | window joins,topology drawing | late-data fixtures,K020 | D009,kafka,Design an optional Streams metadata-join branch separate from baseline Python processing.,How do stream-table and stream-stream joins differ? | How is local state restored?,Explain latest-state table | State join/time assumptions | Label optional implementation,A plain consumer loop does not inherit Streams state or transaction guarantees.,https://kafka.apache.org/41/streams/core-concepts/,2.5,unassessed
K028,Kafka,depth,Broker integration and fault tests,real offset behavior | crash points | deterministic manifests,seeded injection | identity reconciliation,K017 | K021,kafka,"Run duplicates, disconnects and rebalance scenarios and preserve config/runtime evidence.",What will mocks miss? | What does one successful crash test establish?,Exercise actual broker/client | Declare finite observed scope | List untested faults,A passing demonstration is not proof over every schedule.,https://kafka.apache.org/41/design/design/ | https://kafka.apache.org/41/operations/monitoring/,2,unassessed
K029,Kafka,depth,Partition sizing and recovery,worker ceiling | skew | catch-up capacity,capacity worksheet | replay load test,K002 | K021 | D011,kafka,Size from measured per-partition service rates then test skew and recovery.,Can more partitions fix one hot key? | How much spare capacity allows catch-up?,Use measured bottleneck | Include skew/replay | Avoid magic partition count,Partition count is not a universal throughput setting.,https://kafka.apache.org/41/configuration/producer-configs/ | https://kafka.apache.org/41/operations/monitoring/,1.5,unassessed
K030,Kafka,core,Kafka-to-DB atomicity boundary,independent commits | inbox guards | checkpoint after DB outcome,two-commit trace | duplicate replay,K010 | S013 | D002,kafka,Crash between DB effect commit and source checkpoint and inspect one effect under replay.,Why are manual commits insufficient? | Which inbox assumptions matter?,Show loss and duplicate traces | Atomically gate every DB effect | Retain markers throughout permitted replay,Conflict UPDATE increments and premature marker deletion break deduplication.,https://www.postgresql.org/docs/15/sql-insert.html | https://kafka.apache.org/41/design/design/,2,unassessed
K031,Kafka,extension,Cross-cluster recovery,async replication lag | checkpoint translation | RPO/RTO,DR tabletop | failure scope matrix,K018 | D022,kafka,Define an optional second-cluster exercise and allowed loss before implementing it.,Does local replication prove regional recovery? | How are source and target offsets related?,State async limits | Define target checkpoint policy | Separate design and measured DR,Colocated replicas do not prove multi-region resilience.,https://kafka.apache.org/41/design/design/,2,unassessed
K032,Kafka,depth,Client and version compatibility,client/broker pinning | Java/Python option names | protocol support,capability table | effective config dump,K009 | K013,kafka,Document actual Python/Java clients before enabling protocol or transaction features.,Can Java properties be copied into Python? | Why state protocol/version in an answer?,Pin tested versions | Verify features | Separate reference docs and runtime,Documented Kafka 4.x behavior may not fit the existing client.,https://kafka.apache.org/41/configuration/consumer-configs/ | https://kafka.apache.org/41/operations/consumer-rebalance-protocol/,1,unassessed
S001,SQL/PostgreSQL,core,Relational modeling and normalization,keys | functional dependencies | update anomalies,dependency diagram | decomposition,,sql,Model warehouse/device/event/anomaly facts and one duplicated-attribute anomaly.,Why separate device metadata from events? | Which dependency causes denormalization?,State dependencies | Preserve join/key integrity | Distinguish normalization and performance,An ID column alone does not establish normalization.,https://www.postgresql.org/docs/15/ddl-basics.html | https://www.postgresql.org/docs/15/ddl-constraints.html,1.5,unassessed
S002,SQL/PostgreSQL,core,Keys and constraints,primary/foreign/unique keys | composite identity | nullability,invalid fixture rows | integrity-first schema,S001,sql,"Try duplicate event IDs, missing devices and null mandatory fields.",How does unique differ from primary key? | Why enforce integrity in the DB?,Choose identity scope | Explain references | State PostgreSQL null-uniqueness rules,API validation alone cannot arbitrate concurrent writers.,https://www.postgresql.org/docs/15/ddl-constraints.html,1,unassessed
S003,SQL/PostgreSQL,core,NULL and three-valued logic,unknown predicates | NOT IN nulls | count variants,truth table | NOT EXISTS fixture,S002,sql,"Compare WHERE, aggregates and anti-joins with null-containing rows.",Why can NOT IN return nothing? | Is NULL equal to NULL?,Explain TRUE/FALSE/UNKNOWN | Use correct null predicates | Define missingness,NULL is not zero and = NULL is not IS NULL.,https://www.postgresql.org/docs/15/functions-comparison.html,1,unassessed
S004,SQL/PostgreSQL,core,Join semantics and fanout,inner/outer/cross | multiplicity | ON versus WHERE,hand-computed tables | cardinality audit,S001 | S003,sql,Join event tags and device metadata and expose a multiplied SUM.,Why can WHERE change a left join? | How can a join inflate an aggregate?,Predict cardinality | Preserve unmatched rows deliberately | Prevent fanout,DISTINCT can conceal a model bug.,https://www.postgresql.org/docs/15/queries-table-expressions.html,1.5,unassessed
S005,SQL/PostgreSQL,core,Grouping and conditional aggregation,WHERE/HAVING | FILTER/CASE | empty sets,aggregate invariants | zero-event fixture,S004,sql,Report warehouses with zero events and separate anomaly counts.,How do HAVING and WHERE differ? | Why does COUNT(*) count an unmatched join row?,Separate row/group filters | Select proper COUNT target | Handle empty totals,Outer placeholders are not actual events.,https://www.postgresql.org/docs/15/queries-table-expressions.html,1,unassessed
S006,SQL/PostgreSQL,core,Window ranking and top-N,row_number/rank/dense_rank | partitions | complete tie order,top-N query | tied-time fixture,S005,sql,Return three latest events per device with ID tie-break.,How do ranking functions differ? | Why need deterministic ordering?,Retain row detail | Explain ties | Use per-group bounds,Global LIMIT is not top-N per group.,https://www.postgresql.org/docs/15/functions-window.html,1.5,unassessed
S007,SQL/PostgreSQL,core,Frames and rolling metrics,ROWS/RANGE | peers and default frame | lag/lead,explicit frames | equal-time fixture,S006,sql,Compare three-row averages with ten-minute occurrence-time windows.,Why can last_value surprise? | Are rows equivalent to minutes?,Name frame boundaries | Separate row/time windows | Test ties/nulls,Default frame may not match the intended whole partition.,https://www.postgresql.org/docs/15/functions-window.html,1.5,unassessed
S008,SQL/PostgreSQL,core,CTEs and subqueries,EXISTS semijoin | correlation | materialization/inlining,rewrite comparison | intermediate checks,S004,sql,Write equivalent CTE and subquery summaries and compare plans.,Does every CTE materialize? | When use EXISTS instead of JOIN?,Separate syntax from plan guarantees | Explain correlation | Preserve cardinality,CTEs do not inherently improve performance.,https://www.postgresql.org/docs/15/queries-with.html,1,unassessed
S009,SQL/PostgreSQL,depth,Recursive SQL and cycles,anchor/recursive step | UNION/ALL | termination,hierarchy traversal | cycle fixture,S008,sql,Traverse zones with a cycle and explicit detection or visited-path rule.,What stops recursion? | Why can UNION ALL loop?,State recurrence | Detect/prevent cycles | Separate traversal and presentation order,Unbounded cyclic recursion can fail to terminate.,https://www.postgresql.org/docs/15/queries-with.html,1.5,unassessed
S010,SQL/PostgreSQL,core,Set and bag operations,UNION/INTERSECT/EXCEPT | ALL multiplicity | reconciliation,missing-ID query | duplicate fixture,S003,sql,Find missing logical IDs and separately count duplicate effects.,Why does UNION deduplicate? | Does EXCEPT detect duplicate processing counts?,Distinguish sets/bags | Check multiplicity separately | Align output types,Set equality alone does not prove one effect per ID.,https://www.postgresql.org/docs/15/queries-union.html,1,unassessed
S011,SQL/PostgreSQL,core,Transactions and coupled effects,atomic BEGIN/COMMIT | failed transaction state | rollback,crash ledger | guarded transaction,S002,sql,"Insert inbox and change a metric, then inject second-statement failure.",What does atomicity protect? | What follows an error in a transaction?,Couple statements | Roll back correctly | Separate atomicity from isolation,Marker and effect must not commit separately.,https://www.postgresql.org/docs/15/transaction-iso.html | https://www.postgresql.org/docs/15/sql-insert.html,1.5,unassessed
S012,SQL/PostgreSQL,core,MVCC and snapshot lifetimes,statement/transaction views | versions | write blocking,two-session schedules | snapshot timeline,S011,sql,Repeat SELECT around another commit at two isolation levels.,Why can Read Committed queries disagree? | Does MVCC eliminate blocking?,Explain snapshot lifetime | Separate reads/writes | State PostgreSQL level behavior,MVCC does not mean no locks or anomalies.,https://www.postgresql.org/docs/15/mvcc-intro.html | https://www.postgresql.org/docs/15/transaction-iso.html,1.5,unassessed
S013,SQL/PostgreSQL,core,Concurrent INSERT and UPSERT,unique arbitration | DO NOTHING RETURNING | guarded effects,concurrent duplicate fixture | insertion branch,S002 | S011,sql,Gate business effects on successful unique inbox insertion.,Why is SELECT-then-INSERT unsafe? | Why is conflict increment not dedup?,Use uniqueness | Check returned insertion | Couple winner and effects atomically,Incrementing on conflict repeats a business effect.,https://www.postgresql.org/docs/15/sql-insert.html,2,unassessed
S014,SQL/PostgreSQL,core,Lost updates and version checks,stale overwrite | atomic arithmetic | compare-and-swap,two-session trace | affected-row check,S012,sql,Repair two stale clients overwriting a shared metric.,When does atomic increment help? | How detect a stale version?,Draw race | Use atomic/CAS mutation | Check outcome and retry budget,Transaction syntax alone does not fix unsafe stale writes.,https://www.postgresql.org/docs/15/transaction-iso.html,1.5,unassessed
S015,SQL/PostgreSQL,depth,Write skew and serializable retries,cross-row invariant | snapshot isolation limits | SSI failures,invariant schedule | full transaction retry,S012 | S014,sql,Make two processors independently withdraw from a shared on-call pool.,Why can snapshots permit write skew? | What must be retried after serialization failure?,State schedule/invariant | Distinguish predicate/row concerns | Retry whole transaction,Repeatable Read is not Serializable.,https://www.postgresql.org/docs/15/transaction-iso.html,2,unassessed
S016,SQL/PostgreSQL,core,Locking and deadlocks,row lock modes | reverse order | waits and timeout,wait graph | two-session deadlock,S012,sql,Acquire A then B and B then A and record abort behavior.,What distinguishes deadlock from long wait? | Why order locks consistently?,Draw wait cycle | Handle rollback | Bound locks and impose order,Infinite retry does not solve contention design.,https://www.postgresql.org/docs/15/explicit-locking.html,1.5,unassessed
S017,SQL/PostgreSQL,depth,SKIP LOCKED queues,claims | lease versus lock | skipped ordering,parallel relay fixture | crashed claim,S016,sql,Crash a relay before and after publication and reconcile claimed rows.,Why use SKIP LOCKED? | Does it guarantee FIFO or one publication?,Bound transaction lifetime | Explain ordering changes | Handle retries/stale claims,Holding locks through unbounded sends still is not cross-system atomicity.,https://www.postgresql.org/docs/15/explicit-locking.html | https://debezium.io/documentation/reference/stable/transformations/outbox-event-router.html,2,unassessed
S018,SQL/PostgreSQL,core,Index choice and costs,operator support | selectivity | write/storage overhead,before/after plans | workload ADR,S004,sql,Compare selective device lookup with full warehouse reporting.,Why can a sequential scan win? | Why not index everything?,Use cardinality | Include write costs | Match access operator,O(log n) does not determine end-to-end query time.,https://www.postgresql.org/docs/15/indexes-types.html | https://www.postgresql.org/docs/15/using-explain.html,1.5,unassessed
S019,SQL/PostgreSQL,core,Composite index order,PostgreSQL 15 leading columns | equality/range | ordering coverage,two index orders | plan comparison,S018,sql,Compare device/time/ID and time/device indexes on latest-device queries.,What leads this index and why? | Can the scan avoid sorting?,Tie design to predicates | Identify range bound | State version assumptions,No universal column-order rule substitutes for a query.,https://www.postgresql.org/docs/15/indexes-multicolumn.html,1.5,unassessed
S020,SQL/PostgreSQL,depth,Partial indexes,predicate implication | small active subset | expression indexing,pending-outbox index | parameter fixture,S018,sql,Compare literal and prepared predicates on a partial pending-work index.,When can a partial index be used? | Why do parameters complicate matching?,State predicate | Show implication | Measure maintenance/size tradeoff,Touching indexed columns alone does not qualify the query.,https://www.postgresql.org/docs/15/indexes-partial.html,1.5,unassessed
S021,SQL/PostgreSQL,depth,Covering indexes and visibility,INCLUDE columns | visibility map | heap fetches,update/vacuum comparison | index-only metrics,S018 | S028,sql,Observe heap fetches before and after write churn and vacuum.,Why can index-only scan read heap? | What does INCLUDE mean?,Separate payload and visibility | Inspect fetches | Include bloat/write cost,Covering fields do not guarantee zero heap access.,https://www.postgresql.org/docs/15/indexes-index-only-scans.html,1.5,unassessed
S022,SQL/PostgreSQL,core,EXPLAIN ANALYZE and buffers,estimated cost | rows/loops | execution side effects,annotated plan | safe transaction wrapper,S018,sql,"Explain estimation errors, dominant nodes and cache/disk behavior in one plan.",Are costs milliseconds? | How do rows and loops combine?,Compare estimates and actuals | Read major node types | Recognize ANALYZE executes SQL,EXPLAIN ANALYZE can actually mutate data.,https://www.postgresql.org/docs/15/using-explain.html,2,unassessed
S023,SQL/PostgreSQL,depth,Join algorithms and spills,nested/hash/merge joins | ordering | memory spill,size sweep | temporary-file metrics,S004 | S022,sql,Vary relation sizes and inspect join strategy and spill behavior.,When does nested loop excel? | Why can hash join spill?,Connect choice to data/indexes | Measure memory/temp IO | Avoid unsupported forced plans,Algorithm names alone do not establish efficiency.,https://www.postgresql.org/docs/15/using-explain.html,1.5,unassessed
S024,SQL/PostgreSQL,depth,Statistics and estimation,ANALYZE | skew/MCVs | correlated predicates,skew fixtures | error ratio,S022,sql,Compare estimates on correlated device/warehouse filters with suitable statistics.,Why can a fresh index still get a bad plan? | When fail independent selectivity assumptions?,Inspect distributions | Identify stale/missing stats | Explain correlation,Uniform distributions are an assumption to test.,https://www.postgresql.org/docs/15/planner-stats.html,1.5,unassessed
S025,SQL/PostgreSQL,core,Stable pagination,deep OFFSET cost | tuple keyset | concurrency semantics,deep-page benchmark | tied-cursor fixture,S019,sql,Use timestamp/ID keyset cursor and compare a deep OFFSET plan.,Why keyset pagination? | Does it guarantee a cross-request snapshot?,Use complete order | Match cursor direction | State concurrent mutation behavior,Timestamp-only cursor can skip ties.,https://www.postgresql.org/docs/15/queries-limit.html,1.5,unassessed
S026,SQL/PostgreSQL,depth,Partitioning and uniqueness,range pruning | partition lifecycle | cross-partition key restrictions,pruning plan | dedup placement ADR,S019 | S022,sql,Keep global inbox identity separate while evaluating time partition retention.,How differ partitioning and indexes? | Why does event-ID uniqueness need care?,Show pruning | State partition-key constraints | Separate identity/retention,Time partitioning does not automatically preserve event_id-only global uniqueness.,https://www.postgresql.org/docs/15/ddl-partitioning.html,2,unassessed
S027,SQL/PostgreSQL,depth,Expand/contract migrations,two app versions | staged backfill | validation and locks,migration rehearsal | rollback boundary,S002 | S016,sql,Add a required field through compatible staged changes.,How do versions coexist? | When is rollback no longer safe?,Order compatible changes | Bound locks/backfill | Name irreversible data changes,Remove/rename only after all consumers migrate.,https://www.postgresql.org/docs/15/sql-altertable.html,2,unassessed
S028,SQL/PostgreSQL,core,Vacuum and long snapshots,dead versions | autovacuum | wraparound and retention,churn observation | long transaction,S012,sql,Measure dead tuples and maintenance with a long-lived snapshot.,Why does DELETE not shrink files immediately? | Why harmful idle-in-transaction?,Explain version cleanup | Separate regular/full vacuum | Name snapshot horizon,Disabling maintenance can accumulate bloat and other risks.,https://www.postgresql.org/docs/15/routine-vacuuming.html,1.5,unassessed
S029,SQL/PostgreSQL,core,Connection pool budgets,pool limits | acquisition deadlines | cleanup,bounded pool test | wait metrics,S011 | D011,sql,Run excess tasks and ensure finite pool waits and rollback/close.,Why can more connections hurt? | Which deadline governs pool acquisition?,Budget across instances | Measure waits separately | Clean every failure path,Request concurrency is not automatically optimal pool size.,https://www.postgresql.org/docs/15/runtime-config-connection.html | https://sre.google/sre-book/handling-overload/,1.5,unassessed
S030,SQL/PostgreSQL,core,Parameterized SQL and roles,bound values | identifiers | app/migration privilege,injection fixture | forbidden DDL,S004,sql,Bind query values and deny schema changes for application role.,Why not bind every identifier? | Why split app and migration roles?,Bind data | Allowlist identifiers | Narrow privileges,Concatenated inputs and superuser service accounts expand risk.,https://www.postgresql.org/docs/15/queries-table-expressions.html | https://www.postgresql.org/docs/15/runtime-config-connection.html,1,unassessed
S031,SQL/PostgreSQL,depth,Time zones and buckets,instant versus local time | timestamptz | DST,DST fixture | explicit report zone,S007,sql,Report local hourly telemetry across DST and define bucket semantics.,Does timestamptz store named timezone? | Must a day contain 24 hours?,Separate instant/calendar | Store zone if required | State report boundaries,Timezone-naive values do not define a global instant.,https://www.postgresql.org/docs/15/datatype-datetime.html,1.5,unassessed
S032,SQL/PostgreSQL,depth,JSONB and typed columns,flexible documents | integrity projection | operator indexes,schema ADR | filter plans,S018 | K020,sql,Keep identity/time/device typed while storing validated extensible payload.,What belongs outside JSONB? | Why match index to JSON operator?,Expose critical columns | Validate semantics | Choose compatible index,Schemaless storage does not eliminate contracts.,https://www.postgresql.org/docs/15/datatype-json.html | https://www.postgresql.org/docs/15/indexes-types.html,1.5,unassessed
S033,SQL/PostgreSQL,depth,COPY and batch writes,bulk transfer | transaction size | validation staging,bulk benchmark | batch failure,S011 | S022,sql,Compare validated row insert and COPY-to-staging throughput.,Why can COPY be faster? | What grows with transaction size?,Measure validated path | Bound rollback/locks | Distinguish staging and accepted data,Raw load throughput is not durable business processing rate.,https://www.postgresql.org/docs/15/sql-copy.html,1.5,unassessed
S034,SQL/PostgreSQL,extension,WAL and logical decoding,recovery log | change stream | slot lag retention,CDC sketch | stopped-reader budget,S011 | S028,sql,Design CDC outbox and retained-WAL alert.,What does a slot retain? | Does CDC remove sink deduplication?,Explain log substrate | Budget disk retention | Preserve logical identity,Abandoned slots may retain WAL indefinitely.,https://www.postgresql.org/docs/15/logicaldecoding.html | https://debezium.io/documentation/reference/stable/transformations/outbox-event-router.html,2,unassessed
D001,Distributed systems,core,"State machines, safety and liveness",states/transitions | invariants | recovery assumptions,transition table | shortest trace,,labs/distributed,Model accepted/published/applied/quarantined event states.,What distinguishes safety and liveness? | Can progress be guaranteed during infinite outage?,State transitions | Separate nothing-bad/eventually-good | Declare fairness/recovery,Eventual success does not prove safe intermediate states.,https://raft.github.io/raft.pdf,1.5,unassessed
D002,Distributed systems,core,Delivery versus one durable effect,execution count | independent commits | conditional proof,commit counterexample | inbox invariant,D001 | S011 | S013,labs/distributed,Prove repeated attempts yield one guarded committed DB effect under declared assumptions.,Can one effect coexist with repeated execution? | What supplies eventual completion?,Define identity | Prove unique atomic guard | Bound replay and effects,Exactly-once needs an observable effect and failure model.,https://www.postgresql.org/docs/15/sql-insert.html | https://kafka.apache.org/41/design/design/,2,unassessed
D003,Distributed systems,core,API idempotency and acceptance,stable key | conflicting payload | durable response boundary,response-loss trace | concurrency fixture,D001 | S013,labs/distributed,Lose a committed API response then retry the same logical request.,Does a timeout prove failure? | Why reject same key/different content?,Treat timeout as ambiguous | Persist identity/result | Respond after durable acceptance,New IDs on retries defeat application idempotency.,https://www.rfc-editor.org/rfc/rfc9110.html | https://www.postgresql.org/docs/15/sql-insert.html,1.5,unassessed
D004,Distributed systems,core,Transactional outbox,atomic intent | publish/mark gap | claim ownership,relay crash trace | stable IDs,D003 | S017,labs/distributed,Crash after publish acknowledgement but before marking publication.,What dual-write problem is solved? | Why can publication repeat?,Commit data/intent together | Publish before terminal mark | Dedup and fence claims,Outbox relay is not a DB-plus-Kafka atomic transaction.,https://debezium.io/documentation/reference/stable/transformations/outbox-event-router.html,2,unassessed
D005,Distributed systems,core,Marker lifetime and identity integrity,full replay horizon | cleanup | same-ID mismatch,age ledger | conflicting payload,D002 | K018,labs/distributed,Replay an old ID after deleting its marker and demonstrate the broken invariant.,How long retain inbox markers? | What if payload changes under same ID?,Include all replay paths | Retain/archive identity sufficiently | Reject mismatch,Average retry time ignores manual resets and old outbox rows.,https://www.postgresql.org/docs/15/sql-insert.html | https://kafka.apache.org/41/configuration/topic-configs/,1.5,unassessed
D006,Distributed systems,core,Ordering and sequence gates,per-device domain | occurrence versus append | missing sequences,CAS version gate | 1/3/2 fixture,K002 | S014,labs/distributed,Process out-of-order device sequences and specify aggregate/latest-state policy.,Does broker order imply increasing source time? | Should old events overwrite latest state?,Define domain | Separate orders | Specify gap/version policy,Wall clocks do not define universal business order.,https://lamport.azurewebsites.net/pubs/time-clocks.pdf,1.5,unassessed
D007,Distributed systems,core,"Deadlines, retry safety and storms",ambiguous responses | bounded backoff | nested amplification,deadline budget | retry load test,D003,labs/distributed,"Quantify retries across API, relay and consumer.",Why can retry cause cascading failure? | Which operations are safe to retry?,Classify outcomes | Preserve identity | Bound attempts/deadline with jitter,Independent infinite budgets multiply overload.,https://www.rfc-editor.org/rfc/rfc9110.html | https://sre.google/sre-book/handling-overload/,1.5,unassessed
D008,Distributed systems,depth,Consistency under partition,linearizability | theorem availability | stale reads,indistinguishable traces | partition tabletop,D001 | K003,labs/distributed,Explain why isolated replicas cannot both accept invariant-sensitive writes freely.,What does CAP availability mean? | Does eventual consistency mean no guarantees?,Declare partition model | Explain incompatible guarantees | Name user-visible contract,Choose-any-two slogan omits crucial assumptions.,https://www.cs.princeton.edu/courses/archive/spr22/cos418/papers/cap.pdf,2,unassessed
D009,Distributed systems,depth,Event-time windows and lateness,processing/occurrence time | watermarks | corrections,arrival-order replay | lateness fixtures,D006 | S007,labs/distributed,Replay same event-time dataset at different arrival speeds.,Can watermark prove completeness under unbounded lateness? | How amend old aggregates?,Separate time domains | Declare lateness bound | Specify correction/drop policy,A heuristic watermark is not a universal completeness proof.,https://kafka.apache.org/41/streams/core-concepts/,1.5,unassessed
D010,Distributed systems,depth,Causality and logical clocks,happens-before | scalar-clock implication | concurrent ties,message diagram | clock assignment,D006,labs/distributed,Construct clock-ordered events with no causal relation.,Does smaller Lamport clock prove causality? | Why are wall timestamps insufficient?,Define causal edges | Use implication correctly | Separate total order and causality,Clock order converse is false.,https://lamport.azurewebsites.net/pubs/time-clocks.pdf,1.5,unassessed
D011,Distributed systems,core,Little law and queue stability,mean occupancy/rate/time | finite stable regime | offered/admitted rate,occupancy area derivation | matching boundaries,K024,labs/distributed,Measure one queue population and verify mean units and conservation.,What assumptions support L=lambda W? | Can it describe ever-growing backlog at equilibrium?,Use same population/boundary | Check units/stability | Include retries/rejections appropriately,p99 is not mean sojourn and offered rate is not always admitted rate.,https://pubsonline.informs.org/doi/abs/10.1287/opre.9.3.383,2,unassessed
D012,Distributed systems,depth,Catch-up and retention budgets,outage backlog | excess service rate | replay age,fluid derivation | overload recovery,D011 | K018,labs/distributed,Derive backlog=60000 and catch-up=1200s for arrival100/s service150/s outage600s.,Why divide by mu-lambda? | What if mu never exceeds lambda?,Declare constant-rate approximation | Require spare capacity | Add outage/recovery margin,backlog/mu ignores continuing arrivals.,https://pubsonline.informs.org/doi/abs/10.1287/opre.9.3.383 | https://sre.google/sre-book/handling-overload/,1.5,unassessed
D013,Distributed systems,depth,Amdahl limits and bottlenecks,fixed work | serial fraction | overhead,speedup derivation | worker sweep,D011,labs/distributed,Measure serial coordination before increasing process count.,What caps ideal speedup? | Why can actual speedup be worse?,Declare fixed-work assumptions | Derive inverse time fraction | Include contention/skew,n workers do not guarantee n throughput.,https://doi.org/10.1145/1465482.1465560,1.5,unassessed
D014,Distributed systems,core,Bounded admission and backpressure,memory/disk budgets | rejection/defer | saturation,queue bound | overload acceptance,D007 | D011,labs/distributed,Overdrive sink and prove finite resources with explicit outcomes.,Where apply backpressure? | Why is unbounded queue delayed failure?,Budget resources | Define acceptance point | Distinguish rejected work,Unbounded sustained admission defeats finite processing capacity.,https://sre.google/sre-book/handling-overload/,1.5,unassessed
D015,Distributed systems,core,SLOs and latency distributions,valid/good population | effect freshness | error budget,SLI query | finite-window budget,K021 | D001,labs/distributed,Define acceptance availability and accepted-to-effect freshness separately.,What is your denominator? | Can averages hide failed events?,Define population/window | Report tails/errors | Count failures transparently,Excluding failures manufactures good metrics.,https://sre.google/workbook/implementing-slos/,1.5,unassessed
D016,Distributed systems,core,Failure model and evidence scope,crash/restart | disk/network faults | correlated loss,coverage matrix | seeded manifest,D001 | K028,labs/distributed,Record expected invariant and untested boundaries for every fault.,What proves a process kill? | What cannot one laptop prove?,Separate model/tests | Reconcile identities | Name common-mode limits,Restart tests do not prove disk/region-loss resilience.,https://raft.github.io/raft.pdf | https://kafka.apache.org/41/design/design/,1.5,unassessed
D017,Distributed systems,depth,Leases and fencing,paused old worker | monotonic claim token | resource enforcement,stale lease trace | conditional mark,D010 | S014 | K012,labs/distributed,Pause relay beyond lease and prevent it from marking work reclaimed by another.,Why is lease alone insufficient? | Where check fencing token?,Advance ownership token | Check protected mutation | Separate broker and DB fencing,Expired workers may continue operating.,https://raft.github.io/raft.pdf | https://kafka.apache.org/41/configuration/producer-configs/,2,unassessed
D018,Distributed systems,depth,Identity conservation and reconciliation,accepted set | disjoint outcomes | multiplicity,set differences | grouped effect counts,D002 | S010,labs/distributed,Verify accepted IDs equal disjoint completed/quarantined/pending IDs.,Why insufficient equal total counts? | What if loss and duplication cancel?,Compare IDs | Require outcome disjointness | Check effect per ID,100 accepted and 100 rows can conceal both loss and duplicates.,https://www.postgresql.org/docs/15/queries-union.html | https://www.postgresql.org/docs/15/sql-insert.html,1.5,unassessed
D019,Distributed systems,depth,External effects and compensation,separate atomic domains | saga steps | irreversible actions,provider trace | alert sender ADR,D004 | D007,labs/distributed,Design optional sender with explicit provider idempotency boundary.,Can rollback undo sent email? | Is compensation always an inverse?,Name provider contract | Persist intent/outcome | Handle ambiguous response,Local inbox does not protect arbitrary external effects.,https://www.rfc-editor.org/rfc/rfc9110.html | https://debezium.io/documentation/reference/stable/transformations/outbox-event-router.html,1.5,unassessed
D020,Distributed systems,extension,Consensus safety and progress,terms/elections | quorum intersections | timing assumptions,election trace | paper model,D008 | D010,labs/distributed,Explain log agreement under leader change and limits of timely progress.,What protects committed-log agreement? | What can majority not fix?,Separate safety/timeliness | State fault model | Distinguish replication algorithms,Kafka data ISR is not automatically a generic Raft majority rule.,https://raft.github.io/raft.pdf | https://kafka.apache.org/41/operations/kraft/,2.5,unassessed
D021,Distributed systems,extension,Finite-state model checking,abstraction | explored schedules | model/code gap,bounded trace enumeration | minimal counterexample,D001 | D002 | D004,labs/distributed,Enumerate one-event crash/retry model and turn failures into tests.,Does finite exploration prove unbounded implementation? | What hidden race can abstraction miss?,Declare bounds | Separate model/runtime proof | Translate traces to tests,Bounded checking is not universal implementation correctness.,https://raft.github.io/raft.pdf,2.5,unassessed
D022,Distributed systems,depth,Backups and disaster recovery,replication/backup | RPO/RTO | restore identity markers,restore plan | replay worksheet,D005 | S034,labs/distributed,Restore business state and markers consistently within allowed replay policy.,Can replication replace backup? | Why restore inbox alongside metrics?,Define loss/time budget | Include source identity | Test restoration,Restoring effects without markers can duplicate old effects.,https://www.postgresql.org/docs/15/logicaldecoding.html | https://www.postgresql.org/docs/15/sql-insert.html,2,unassessed
D023,Distributed systems,depth,Reproducible benchmarking,workload/hardware | repetitions/warmup | accepted versus applied rate,seeded profile | variance report,D011 | D013 | D015,labs/distributed,"Save workload, configs, resources and outcomes for repeated runs.",What does throughput include? | How can warm cache mislead?,Separate rates | Report environment/repetitions | Avoid unmeasured extrapolation,Laptop enqueue peaks are not durable production capacity.,https://sre.google/workbook/implementing-slos/ | https://kafka.apache.org/41/operations/monitoring/,1.5,unassessed
D024,Distributed systems,extension,Multi-region conflict policies,async replicas | concurrent writes | mergeable operations,conflict table | coordination ADR,D006 | D008 | D019,labs/distributed,Distinguish mergeable counters from invariant-sensitive inventory updates.,When can increments merge? | Why risky last-write-wins with skew?,Define operations | Identify coordination | State stale/conflict policy,Every invariant cannot be repaired by arbitrary eventual merge.,https://lamport.azurewebsites.net/pubs/time-clocks.pdf | https://www.cs.princeton.edu/courses/archive/spr22/cos418/papers/cap.pdf,2.5,unassessed
A001,Algorithms and coding,core,Specify and analyze a program,input domain | preconditions and postconditions | loop invariants | worst-case and amortized costs | time versus auxiliary space,"derive a bound from operations | prove initialization, maintenance and termination | compare brute force and optimized code",,labs/algorithms,"Specify a device-event deduplicator, implement a quadratic reference, and derive its map-based alternative without assuming hash operations are always constant.",What does O(n) hide and when does hash lookup degrade? | Give a loop invariant that proves your output correct.,"States a finite input contract | Derives time and space rather than guessing | Distinguishes expected, worst-case and amortized claims | Tests empty and adversarial inputs",Treating a fast sample run as a complexity proof,https://ocw.mit.edu/courses/6-006-introduction-to-algorithms-spring-2020/pages/lecture-notes/,2,unassessed
A002,Algorithms and coding,core,Arrays and strings,index bounds | in-place versus copying | Unicode code points versus bytes | stable compaction | integer overflow,scan and accumulate | write-pointer compaction | explicit encoding boundary,A001,labs/algorithms,Compact invalid telemetry records in place while preserving order; port a parser between Python and Java and include Unicode and boundary-number cases.,When does an in-place change corrupt unread values? | Why might string length differ across byte and character representations?,"Preserves order and valid records | Handles empty, singleton and all-invalid cases | Declares character representation | Explains Java integer overflow and Python allocation tradeoffs",Using character indexing as byte indexing or silently mutating caller data,https://docs.python.org/3/tutorial/datastructures.html,2,unassessed
A003,Algorithms and coding,core,Hash maps and sets for deduplication,identity versus equality | collision resolution | counting frequencies | mutable keys | memory boundedness,frequency map | membership set | composite stable key,A001 | A002,labs/algorithms,"Detect repeated (tenant,event_id) pairs and conflicting payloads; report duplicates separately from conflicts using a brute-force oracle.",Can equal objects have unequal hash codes in a valid key implementation? | What happens if a mutable key changes after insertion?,Defines logical equality | Separates duplicate from conflicting identity | States expected and worst-case costs | Bounds memory or declares an unbounded history,Equating event payload equality with event identity,https://ocw.mit.edu/courses/6-006-introduction-to-algorithms-spring-2020/pages/lecture-notes/ | https://docs.python.org/3/tutorial/datastructures.html,2,unassessed
A004,Algorithms and coding,core,Two pointers and monotone movement,sorted input precondition | pair sums | merging sorted sequences | duplicate handling | proof of safe elimination,left-right elimination | read-write scan | merge two sorted streams,A001 | A002,labs/algorithms,"Merge two sorted device histories with deterministic timestamp ties, then solve target pair sum and state which step requires sorted input.",Why is moving one pointer safe here? | Can the same rule work on unsorted data?,States sortedness and tie rules | Proves eliminated candidates cannot be answers | Visits each input at most a bounded number of times | Tests repeated values and no-solution cases,Using two pointers without the monotonicity that justifies movement,https://ocw.mit.edu/courses/6-006-introduction-to-algorithms-spring-2020/pages/lecture-notes/ | https://docs.python.org/3/howto/sorting.html,2,unassessed
A005,Algorithms and coding,core,Sliding windows and prefix aggregates,fixed and variable windows | nonnegative-value preconditions | prefix sums | out-of-order event time | rolling state eviction,incremental add and remove | prefix-difference queries | reference comparison,A003 | A004,labs/algorithms,Compute rolling counts over sorted event timestamps and compare with exhaustive filtering; show a counterexample to a sum-based shrinking rule when negative values are allowed.,Which invariant lets you shrink the left boundary? | How do late events change a window algorithm?,Distinguishes processing and event order | Specifies boundary inclusivity | Proves incremental state equals the window content | Exposes a failed precondition with a counterexample,Applying a nonnegative sliding-window rule to arbitrary signed values,https://ocw.mit.edu/courses/6-006-introduction-to-algorithms-spring-2020/pages/lecture-notes/,3,unassessed
A006,Algorithms and coding,core,Binary search and boundary search,sorted arrays | first true predicate | lower and upper bounds | off-by-one cases | midpoint overflow,half-open search interval | monotone predicate search | trace every iteration,A001 | A004,labs/algorithms,Find the first retained offset not below a requested offset and the final timestamp not above a cutoff; cross-check all small arrays with a linear oracle.,What invariant describes the remaining search interval? | When can binary search on an answer be invalid?,Defines a monotone predicate | Terminates for empty and singleton intervals | Returns the correct insertion position | Explains logarithmic iterations,Searching a predicate that is not monotone,https://ocw.mit.edu/courses/6-006-introduction-to-algorithms-spring-2020/pages/lecture-notes/,2,unassessed
A007,Algorithms and coding,depth,Stacks and monotone stacks,LIFO | balanced delimiters | next greater value | monotonic invariant | each element pushed and popped once,stack-based parser | monotone decreasing stack | amortized counting,A001 | A002,labs/algorithms,Validate nested bracket expressions in a configuration fragment; compute the next larger latency sample using a monotone stack and brute-force verification.,Why is this a stack rather than a queue problem? | Why can a nested loop here still be linear?,Defines stack invariant | Handles malformed and unfinished input | Accounts for each push and pop | Explains output for equal values,Calling every nested loop quadratic or mishandling equal-value ties,https://docs.python.org/3/tutorial/datastructures.html | https://ocw.mit.edu/courses/6-006-introduction-to-algorithms-spring-2020/pages/lecture-notes/,2,unassessed
A008,Algorithms and coding,core,"Queues, deques and bounded work queues",FIFO | deque operations | capacity limits | backpressure | queue versus stack traversal,bounded producer-consumer queue | deque instead of front deletion | explicit overload outcome,A001 | A002,labs/algorithms,Build a bounded work-queue simulation that rejects or waits when full; compare list front deletion with deque and explain the operation count.,Where does an unbounded queue move the overload problem? | Why does removing from the front of an array-backed list cost more?,Declares maximum capacity | Defines admission and rejection | Preserves intended order | Separates simulation from concurrent production behavior,Claiming buffering solves sustained overload,https://docs.python.org/3/tutorial/datastructures.html,2,unassessed
A009,Algorithms and coding,core,Heaps and top-K stream summaries,min-heap invariant | bounded top-K | tie breaking | frequency aggregation | approximate versus exact,size-K min-heap | stable tuple keys | full-sort reference,A001 | A003,labs/algorithms,"Return the K devices with highest accumulated error count, with device_id tie breaking; compare map-plus-heap with full sort and define behavior for K=0 and K>device count.",Why keep a min-heap for the largest K values? | Is top-K memory O(K) if you first count every distinct device?,Maintains a heap of the selected candidates | Separates frequency-map and heap memory | Handles deterministic ties | Derives O(n+d log K) under stated assumptions,Ignoring the O(d) frequency map when reporting space,https://docs.python.org/3/library/heapq.html,3,unassessed
A010,Algorithms and coding,core,Sorting and interval merging,stable sorting | comparison key | comparison lower bounds | merge intervals | external sorting concept,decorate-sort-undecorate | sort then scan | secondary key for determinism,A001 | A004,labs/algorithms,Merge overlapping outage intervals under a declared touching-boundary rule; make equal-timestamp event presentation deterministic without assuming incidental arrival order.,What does stable mean and what does it not guarantee? | What changes when the input is too large for memory?,Specifies interval endpoint semantics | Uses a total deterministic comparison key | Derives sorting plus scan complexity | Distinguishes in-memory and external-memory constraints,Relying on sort stability to invent a missing business ordering,https://docs.python.org/3/howto/sorting.html,2,unassessed
A011,Algorithms and coding,depth,Breadth-first graph traversal,adjacency list | visited set | shortest unweighted paths | disconnected graphs | queue frontier,BFS | parent reconstruction | enumerate reachable services,A003 | A008,labs/algorithms,Model service dependencies as a graph and find the minimum number of hops from ingestion to an affected sink; reconstruct the path and handle unreachable nodes.,Why does BFS give a shortest path here? | Would that remain true for arbitrary weighted edges?,Uses a FIFO frontier | Avoids revisiting cycles | States O(V+E) representation assumptions | Limits shortest-path claim to unweighted or equal-weight edges,Applying unweighted BFS to unequal latency weights,https://ocw.mit.edu/courses/6-006-introduction-to-algorithms-spring-2020/pages/lecture-notes/,2,unassessed
A012,Algorithms and coding,depth,"DFS, cycle detection and topological order",recursion versus explicit stack | gray and black states | directed cycle | topological prerequisites | disconnected traversal,three-color DFS | Kahn indegree algorithm | cycle witness,A003 | A008 | A011,labs/algorithms,"Validate a migration dependency graph, produce a legal order if acyclic, and return a concrete cycle when it is not.",Why is a visited boolean insufficient for this directed-cycle test? | What property makes a topological order possible?,Distinguishes active from completed nodes | Covers disconnected components | Provides a cycle or valid order | Handles recursion depth or chooses iterative traversal,Confusing an already-completed node with a back edge,https://ocw.mit.edu/courses/6-006-introduction-to-algorithms-spring-2020/pages/lecture-notes/,3,unassessed
A013,Algorithms and coding,depth,Basic dynamic programming,state meaning | recurrence | base cases | optimal substructure | memoization and tabulation,derive recurrence from last decision | small exhaustive oracle | space compression with dependency order,A001 | A002,labs/algorithms,Choose a minimum-cost sequence of batch sizes that exactly covers n items; define impossible states and compare tabulation against enumeration for small n.,What exactly does dp[i] mean? | Which dependency order makes a one-dimensional update correct?,Defines state before code | Derives recurrence and base cases | Handles impossible states | Counts states and transition work,Memorizing a recurrence without specifying the problem it solves,https://ocw.mit.edu/courses/6-006-introduction-to-algorithms-spring-2020/pages/lecture-notes/,3,unassessed
A014,Algorithms and coding,depth,Linked structures and recursion boundaries,node identity | pointer updates | cycle detection | iterative reversal | call-stack depth,save next before mutation | slow-fast pointers | iterative translation,A001 | A002,labs/algorithms,Reverse a singly linked chain and detect a cycle; demonstrate why a recursive event-tree walker can fail on extreme depth.,Why save the next pointer before rewriting it? | Does constant explicit storage imply constant total space for recursion?,Preserves every original node | Handles null and singleton chains | Explains cycle reasoning | Includes call-stack space in analysis,Losing the rest of the chain or ignoring stack depth,https://ocw.mit.edu/courses/6-006-introduction-to-algorithms-spring-2020/pages/lecture-notes/,2,unassessed
A015,Algorithms and coding,core,Timed coding and language transfer,clarify constraints | reference solution | optimized solution | test cases | Java and Python implementation,25-minute unseen exercise | think aloud with invariants | mutation-based retest,A001 | A002 | A003 | A006 | A009,labs/algorithms,"Attempt unseen deduplication and top-K variants without notes in each language; record code, elapsed time, failed cases and a fresh retest after at least one sleep.",How do you establish correctness before optimizing? | Which part changes when the same algorithm is moved to Java?,Compiles or runs independently | Includes meaningful boundary tests | Explains complexity and assumptions | Correctly handles an interviewer-imposed variant,Passing a memorized example while failing a small requirement change,https://ocw.mit.edu/courses/6-006-introduction-to-algorithms-spring-2020/pages/lecture-notes/ | https://docs.python.org/3/tutorial/datastructures.html | https://docs.python.org/3/library/heapq.html,4,unassessed
O001,"Operations, security and testing",core,HTTP and REST contracts,method semantics | status codes | idempotence | timeouts | pagination | request identity,write an endpoint contract | retry trace | cursor pagination,,labs/operations,"Specify POST ingestion and GET event queries: distinguish durable acceptance from completion, client retry from duplicate effect, and a rejection from an ambiguous timeout.",Does an HTTP timeout prove the server did not process the request? | What must make a retry safe?,States acknowledgement boundary | Uses consistent methods and statuses | Defines stable request identity | Avoids claiming POST is intrinsically idempotent,Turning transport timeout into proof of no business effect,https://www.rfc-editor.org/rfc/rfc9110.html,3,unassessed
O002,"Operations, security and testing",core,Input validation and API schema,required and nullable fields | timestamp and numeric domains | payload limits | error schema | OpenAPI contract,boundary validation | negative test matrix | explicit versioned contract,O001,labs/operations,"Write a schema for event_id, tenant_id, device_id, occurred_at and value; generate malformed, missing, oversized and contradictory cases with expected error responses.","Where should malformed events be rejected? | How do absent, null and zero differ in your API?",Defines every input domain | Bounds payload size | Returns useful stable errors | Preserves backward-compatible valid inputs,Using a schema file as evidence that the implementation enforces it,https://spec.openapis.org/oas/v3.2.1.html | https://json-schema.org/understanding-json-schema/reference,2,unassessed
O003,"Operations, security and testing",core,Authentication and JWT validation,signature verification | algorithm allowlist | issuer and audience | expiry and clock skew | key rotation,negative-token tests | trusted key selection | separate authentication and authorization,O001,labs/operations,"Design and test rejection cases for expired, wrong-audience, wrong-issuer and incorrectly signed tokens; avoid implementing cryptographic primitives.",Does decoding a JWT establish authenticity? | How do you handle rotation without trusting an attacker-selected key?,Verifies signature with allowed algorithms | Validates expected issuer and audience | Handles expiry explicitly | Uses a maintained verifier and a declared trust model,Treating base64 decoding or a signed token as sufficient authorization,https://www.rfc-editor.org/rfc/rfc8725.html,3,unassessed
O004,"Operations, security and testing",core,Authorization and API threat analysis,tenant isolation | object-level authorization | role permissions | rate limits | injection | SSRF and outbound access,deny-by-default access matrix | cross-tenant negative tests | threat model trust boundaries,O002 | O003,labs/operations,"Create a tenant-role-object permission matrix; attempt cross-tenant reads, writes, arbitrary SQL fragments and excessive payload submission against a local lab.",How is tenant_id bound to a trusted identity? | What prevents one valid user from requesting another user's event?,Checks permission on each object operation | Binds tenant to trusted claims | Uses parameterized SQL | Tests denial paths and resource limits,Securing login while leaving object identifiers unrestricted,https://api-security.owasp.org/editions/2023/en/0x11-t10/,3,unassessed
O005,"Operations, security and testing",core,"Secrets, TLS and redaction",secret injection | rotation | certificate verification | encrypted transport | log redaction | least exposure,secrets as mounted inputs | credential inventory | verify peer identity,O003 | O004,labs/operations,"Identify credentials for app, Kafka and DB; remove them from examples and logs, document rotation and expiration, and create a local TLS failure-case checklist.",Is encrypted transport safe if certificate verification is disabled? | Where can secrets leak even if absent from source control?,Keeps secrets out of committed artifacts | Validates peer identity | Redacts logs and exception context | Defines revocation and rotation,Calling a local Compose secret a complete production secret-management system,https://docs.docker.com/compose/how-tos/use-secrets/ | https://www.rfc-editor.org/rfc/rfc8725.html,2,unassessed
O006,"Operations, security and testing",core,Reproducible containers and resource limits,image pinning | multi-stage builds | non-root runtime | health probes | CPU and memory limits | persistent storage,build once run immutably | inspect runtime UID | resource-bound experiment,,labs/operations,"Specify an app image build and record dependency versions, UID, health check, memory budget and writable paths; test an OOM scenario in an isolated lab when available.",Why can latest break reproducibility? | Does a healthy process probe imply its dependencies and business path are healthy?,"Pins meaningful versions | Separates build and runtime dependencies | Explains limits and persistence | Distinguishes liveness, readiness and completed work",Claiming reliability from a container being in the running state,https://docs.docker.com/build/building/best-practices/ | https://docs.docker.com/engine/containers/resource_constraints/,3,unassessed
O007,"Operations, security and testing",core,"Network, DNS and Kafka advertised listeners",service DNS | host versus container localhost | ports | listener address discovery | connection timeout | TLS endpoints,draw connection paths | test DNS TCP protocol separately | listener topology table,O006,labs/operations,"Explain every connection from host and container to app, Kafka and PostgreSQL; diagnose a broker that accepts bootstrap connections but advertises an unreachable address.",What does localhost refer to inside the worker container? | Why can bootstrap succeed but subsequent Kafka connections fail?,"Names source and destination network namespaces | Separates DNS, TCP and application errors | Maps advertised listeners to reachable clients | Avoids exposing unrelated ports",Fixing every network error by publishing all ports,https://docs.docker.com/compose/how-tos/networking/,3,unassessed
O008,"Operations, security and testing",core,"Linux processes, I/O and shutdown",process versus thread | exit codes | SIGTERM and SIGKILL | file descriptors | disk space | permissions,read process state | graceful-shutdown trace | bounded diagnostic commands,O006,labs/operations,"Write a shutdown timeline for consumer stop, in-flight completion and connection close; identify how to inspect CPU, memory, open sockets, disk and process exit status.",Can SIGKILL run cleanup handlers? | Which evidence distinguishes CPU saturation from blocked I/O?,Distinguishes forced and graceful termination | Names measured process signals | Accounts for open resources | Avoids acknowledging unfinished work during shutdown,Assuming finally blocks always run when a process is killed,https://man7.org/linux/man-pages/man1/ps.1.html | https://man7.org/linux/man-pages/man7/signal.7.html,2,unassessed
O009,"Operations, security and testing",core,"Git, review and regression isolation",working tree and index | diff review | small commits | merge conflicts | revert | bisect,reproduce then bisect | explain patch intent | safe rollback,,labs/operations,"Create a toy regression in a disposable branch, isolate it with bisect, review the minimal patch and explain a revert versus history rewrite.",What makes a commit suitable for bisect? | How do revert and reset differ for shared history?,Can inspect staged and unstaged changes | Preserves shared history | Reproduces the failure deterministically | Separates root cause from incidental changes,Using a destructive reset as the default shared rollback,https://git-scm.com/docs,2,unassessed
O010,"Operations, security and testing",core,CI and dependency integrity,unit and integration gates | pinned action revisions | least-privilege tokens | untrusted pull requests | artifact reproducibility | dependency scan limits,job separation | explicit permissions | lockfile and version reporting,O009 | O006,labs/operations,"Design a CI workflow that compiles Java, tests Python and SQL contracts, and runs integration checks without giving untrusted code deployment credentials.",Why should untrusted pull-request code not receive repository secrets? | What does a green CI run establish and what remains untested?,Defines check scope | Restricts token permissions | Separates trusted deployment context | Pins dependencies and reports runtime versions,Equating dependency scanning with proof that the application is secure,https://docs.github.com/en/actions/reference/security/secure-use,3,unassessed
O011,"Operations, security and testing",core,Unit tests and useful test doubles,pure functions | fixtures | parameterization | exception paths | mock boundaries | determinism,test observable behavior | fake clock | table-driven cases,O002,labs/operations,Test event validation and anomaly scoring with boundary fixtures; use a fake clock and test doubles only at actual I/O boundaries.,When does mocking make a test less useful? | How do you test time-dependent behavior without sleeping?,Asserts a behavior contract | Includes failure and boundary cases | Avoids mocking the algorithm under test | Runs deterministically,Testing that mocked methods were called while never checking business output,https://docs.pytest.org/en/stable/ | https://docs.junit.org/6.1.3/overview.html,2,unassessed
O012,"Operations, security and testing",depth,Property-based and metamorphic tests,generators | shrinking | invariants | reference oracle | permutation and duplicate relations,randomized oracle comparison | metamorphic relation | persist failure seed,O011 | A001,labs/operations,"Generate duplicate and reordered event lists; verify that logical deduplicated effects are invariant where order is irrelevant, and compare rolling calculations with a slow oracle.",Which transformation should preserve the result? | When is permutation invariance an invalid business assumption?,States a true property | Uses independent expected behavior | Keeps reproducible counterexamples | Separates order-sensitive from order-insensitive rules,Generating random inputs without a valid correctness oracle,https://hypothesis.readthedocs.io/en/latest/,3,unassessed
O013,"Operations, security and testing",core,Integration tests and transactional boundaries,real database | real broker | isolation | commit visibility | cleanup | version pinning,Testcontainers or isolated equivalents | assert durable state | reproducible seed,O006 | O011,labs/operations,Run a transaction-rollback and duplicate-event test against a real PostgreSQL instance and a real Kafka-compatible lab when installed; record infrastructure versions and setup commands.,Which bug can a mocked database hide? | How do tests avoid passing because they share leftover state?,Exercises real commit and constraint behavior | Isolates test state | Asserts stored effects | States unsupported infrastructure explicitly,Presenting mock success as proof of broker or database behavior,https://testcontainers.com/guides/getting-started-with-testcontainers-for-java/,4,unassessed
O014,"Operations, security and testing",core,API and event compatibility testing,consumer contracts | schema evolution | unknown fields | defaults | breaking changes | producer-consumer skew,old-new compatibility matrix | explicit semantic tests | schema version fixtures,O002 | O011,labs/operations,Test old producer/new consumer and new producer/old consumer for an added optional field; then introduce a unit change that parses successfully but must fail a semantic compatibility check.,Can a schema-compatible message still be semantically incompatible? | Which deployed versions must coexist during a rolling change?,Checks both parsing and meaning | Defines supported version pairs | Tests unknown and missing fields | Includes rollout and rollback behavior,Treating JSON validation as proof that business meaning is unchanged,https://json-schema.org/understanding-json-schema/reference | https://spec.openapis.org/oas/v3.2.1.html,3,unassessed
O015,"Operations, security and testing",core,Fault injection and recovery evidence,crash points | dependency outage | timeout ambiguity | disk full | poison records | reconciliation,enumerate failure windows | repeat fixed-seed runs | accepted-to-effect reconciliation,O013 | O008,labs/operations,"Inject termination before and after database commit and offset progress; compare accepted logical IDs with durable effects and log missing, repeated and deferred records.",What exact invariant is this failure test exercising? | Does one successful recovery prove recovery under every failure?,Defines fault model and acceptance boundary | Controls injection position | Reconciles logical IDs | Reports limits of the observed run,Counting raw messages instead of checking one intended durable effect per logical ID,https://testcontainers.com/guides/getting-started-with-testcontainers-for-java/ | https://www.postgresql.org/docs/current/backup.html,4,unassessed
O016,"Operations, security and testing",depth,Load tests and measurement validity,arrival versus completion rate | open versus closed workload | warmup | percentiles | errors | coordinated omission,rate-controlled workload | record achieved arrival rate | confidence by repeated runs,O013 | O018,labs/operations,"Sweep a declared offered arrival rate and record achieved rate, error rate, queue lag, p50/p95/p99 and completion latency; retain raw samples and avoid extrapolating laptop results to production.",Can a slower system make a closed-loop test send less load? | Why can averages hide an unacceptable tail?,States workload and host limits | Separates offered and admitted load | Counts errors and unfinished work | Reports percentiles with sample count,Advertising throughput while excluding failed or still-pending requests,https://grafana.com/docs/k6/latest/using-k6/scenarios/concepts/open-vs-closed/,4,unassessed
O017,"Operations, security and testing",depth,Profiling and evidence-led optimization,CPU hotspots | allocation | I/O waits | flame graph concept | Amdahl limits | before-after comparison,profile representative workload | one-variable change | correctness regression,O011 | O016,labs/operations,Profile Python transformation and Java request processing with version-appropriate tools; optimize the largest measured hotspot and rerun correctness plus the same workload.,Why might optimizing a tiny function have negligible impact? | How do you separate CPU work from time waiting on the database?,Uses measured rather than guessed hotspots | Keeps workload comparable | Reports end-to-end result | Retests correctness after optimization,Optimizing code aesthetics while the bottleneck is elsewhere,https://docs.python.org/3/library/profile.html,3,unassessed
O018,"Operations, security and testing",core,Observability across asynchronous boundaries,structured logs | metrics | traces | correlation IDs | cardinality | consumer lag | sensitive data,propagate trace context | bounded-label metrics | end-to-end reconciliation view,O001,labs/operations,"Specify correlated API-to-worker diagnostics with request_id/event_id, bounded metric labels, processing latency and consumer lag; explain which IDs belong in logs rather than metric labels.",Why are event IDs dangerous as metric labels? | Does low Kafka lag prove the business database is correct?,Connects asynchronous stages | Bounds metric cardinality | Redacts sensitive fields | Separates transport progress and business success,Using one high-level health light as the whole system's correctness evidence,https://opentelemetry.io/docs/concepts/signals/,3,unassessed
O019,"Operations, security and testing",depth,"SLIs, SLOs and actionable alerts",availability definition | latency distribution | freshness | error budget | burn rate concept | alert ownership,user-visible success ratio | explicit measurement window | actionable runbook,O018 | O016,labs/operations,"Draft an illustrative EventPulse freshness SLO with numerator, denominator, exclusions and window; test an alert condition against synthetic normal and failure traces.",What counts as success when an event is accepted but not processed? | Can you average service availability to obtain pipeline availability?,Defines denominator and measurement interval | Labels targets as proposed rather than measured | Connects alerts to an action | Handles low-traffic and missing-data cases,Selecting impressive percentages without a user contract or measurements,https://sre.google/sre-book/service-level-objectives/,3,unassessed
O020,"Operations, security and testing",core,"Migrations, backup and restore",expand-contract migrations | lock impact | backup versus replica | restore verification | RPO and RTO | rollback compatibility,forward-compatible rollout | restore into isolated target | compare data invariants,O013 | O014,labs/operations,"Design an additive schema change, populate old rows, validate mixed-version operation, and write a backup/restore experiment with measured restore duration and reconciliation queries.",Why is a replica not necessarily a backup? | What makes a schema rollback unsafe after new writes?,Preserves old and new application compatibility | States data-loss and recovery objectives | Verifies a restored copy | Accounts for migration locks and irreversible transformations,Claiming backup readiness without ever restoring and checking it,https://www.postgresql.org/docs/current/backup.html | https://www.postgresql.org/docs/current/ddl-alter.html,4,unassessed
O021,"Operations, security and testing",depth,Service boundaries and resilience tradeoffs,monolith versus services | timeouts | bounded retries | jitter | circuit breaking | idempotency | retry budgets,draw dependency critical path | budget total timeout | counterexample retry amplification,O001 | O015,labs/operations,Compare a single worker service with separately deployed processing services; derive worst-case retry amplification for three layers and choose bounded retries only at a justified boundary.,Can retries amplify an overloaded dependency? | What benefit justifies another independently deployed service here?,Connects boundary to operational need | Bounds retries and deadlines | Requires safe repeatable effects | Explains added failure and deployment costs,Using microservices or retries as unconditional reliability upgrades,https://www.rfc-editor.org/rfc/rfc9110.html | https://sre.google/sre-book/service-level-objectives/,3,unassessed
X001,Optional Spark and cloud,extension,Spark DataFrame execution,schema | lazy evaluation | transformations and actions | driver versus executors | batch baseline,small batch reference | explain logical and physical plans | avoid collect for large results,O011,labs/spark,Reproduce a SQL device aggregate in a small DataFrame job and compare output with the PostgreSQL or Python reference; record the installed Spark/runtime versions before claiming execution.,When is a DataFrame transformation evaluated? | Why can collect overwhelm the driver?,Distinguishes driver and executor work | Uses explicit types | Reconciles results with a simple reference | Declares tested version and scale,Calling a local DataFrame demo production distributed experience,https://spark.apache.org/docs/latest/sql-performance-tuning.html,3,unassessed
X002,Optional Spark and cloud,extension,Structured Streaming execution and state,unbounded table model | micro-batches | output modes | stateful aggregates | trigger behavior,bounded input replay | batch-stream reconciliation | state-size observation,X001 | O018,labs/spark,Create a stream aggregate for device counts and compare its settled result with an identical batch input; explain which output mode is supported by the query.,What does a streaming trigger control? | Why do stateful operations need retained state?,Defines input and output semantics | Explains state growth | Uses a compatible output mode | Compares settled stream results with batch truth,Assuming streaming means one continuously executing per-record function,https://spark.apache.org/docs/latest/streaming/apis-on-dataframes-and-datasets.html,4,unassessed
X003,Optional Spark and cloud,extension,"Event time, watermarks and late data",event versus processing time | window bounds | watermark delay | out-of-order records | late-data policy,deliberately delayed events | watermark progression trace | policy counterexamples,X002 | A005,labs/spark,"Replay sorted, disordered and deliberately late telemetry for a fixed window; record emitted results and explain accepted and excluded cases under the chosen query and version.",Does a watermark guarantee that later records can never arrive? | What do you trade when increasing the watermark delay?,States lateness policy | Distinguishes event time from arrival time | Explains state retention tradeoff | Avoids claiming a watermark reorders all events or a symmetric drop guarantee,Treating watermark delay as universal maximum real-world lateness,https://spark.apache.org/docs/latest/streaming/apis-on-dataframes-and-datasets.html,4,unassessed
X004,Optional Spark and cloud,extension,Checkpointing and sink repeatability,checkpoint storage | query identity | restart semantics | foreachBatch retries | sink deduplication | query-change compatibility,crash and restart | stable batch or event identity | sink reconciliation,X002 | O015,labs/spark,Restart a streaming query from a retained checkpoint and evaluate a PostgreSQL foreachBatch sink with explicit transactional deduplication; record whether each logical effect is repeated or preserved.,Does checkpointing alone make any external sink exactly-once? | Which changes can invalidate a checkpoint recovery assumption?,Identifies source and sink recovery boundaries | Makes repeated batches safe | Preserves or explicitly resets checkpoint identity | States tested versus designed guarantees,Importing Kafka-to-Kafka transaction guarantees into an arbitrary database sink,https://spark.apache.org/docs/latest/streaming/apis-on-dataframes-and-datasets.html | https://spark.apache.org/docs/latest/streaming/structured-streaming-kafka-integration.html,4,unassessed
X005,Optional Spark and cloud,extension,Streaming joins and deduplication,stream-static joins | stream-stream joins | join time constraints | state eviction | duplicate identity,finite oracle | bounded time join | delayed counterpart test,X003 | X004,labs/spark,"Join device events with a batch device dimension, then design a time-bounded stream-stream pairing experiment; show how missing or late counterparts affect inner and outer results.",Why can a stream-stream join retain unbounded state? | What does a time constraint add beyond a watermark?,Defines matching and time conditions | Explains required retained state | Tests absent and late matches | Separates join semantics from deduplication semantics,Adding a watermark without checking whether the actual join supports state cleanup,https://spark.apache.org/docs/latest/streaming/apis-on-dataframes-and-datasets.html,4,unassessed
X006,Optional Spark and cloud,extension,"Partitions, shuffles and skew",input partitions | shuffle partitions | repartition versus coalesce | broadcast joins | hot keys | executor memory,inspect physical plan | skewed synthetic dataset | compare partition distributions,X001 | X005 | O016,labs/spark,"Compare uniformly distributed and hot-device data, inspect partition sizes and shuffle work, and justify a change using observed execution behavior.",Why can more partitions still leave one hot key slow? | When might broadcasting a table be unsafe?,Distinguishes Kafka and Spark partitions | Measures skew rather than guessing | Accounts for shuffle and memory cost | Keeps correctness equivalent,Increasing partition count as an automatic cure for skew,https://spark.apache.org/docs/latest/sql-performance-tuning.html,4,unassessed
X007,Optional Spark and cloud,extension,AWS deployment architecture and responsibility,compute | managed services | availability zones | shared responsibility | environment separation | design versus deployment evidence,architecture decision record | dependency inventory | assumption ledger,O006 | O021,labs/cloud,"Draw a proposed AWS deployment using application compute, MSK and RDS; label every managed and application-owned responsibility. Keep status design-only unless independently deployed and tested.",Which responsibilities remain yours when Kafka is managed? | What does a local Compose demo fail to establish about cloud operation?,Maps each component to a need | Declares region and availability assumptions | Separates design from deployed evidence | Accounts for application security and recovery duties,Presenting a cloud diagram as hands-on deployment experience,https://aws.amazon.com/compliance/shared-responsibility-model/ | https://docs.aws.amazon.com/msk/latest/developerguide/what-is-msk.html | https://docs.aws.amazon.com/AmazonRDS/latest/UserGuide/CHAP_PostgreSQL.html,3,unassessed
X008,Optional Spark and cloud,extension,Cloud identity and least privilege,workload identities | temporary credentials | role policies | resource scoping | human versus application access | auditability,permission matrix | deny tests | short-lived credentials design,X007 | O004 | O005,labs/cloud,"Design separate ingress, relay and consumer roles with minimum MSK/database/secret access; identify a policy change that should be denied and explain its blast radius.",Why avoid long-lived access keys in application images? | How do workload and human identities differ?,Scopes permissions to needed resources | Prefers temporary identities | Separates environment roles | Includes denied-operation verification,Using one administrator credential for all services,https://docs.aws.amazon.com/IAM/latest/UserGuide/best-practices.html,3,unassessed
X009,Optional Spark and cloud,extension,Cloud networking and encryption,private subnets | routing | security groups | egress | DNS | TLS | at-rest keys,connection matrix | packet-path reasoning | key-access boundaries,X007 | X008 | O007,labs/cloud,"Create an allowed connection matrix from ingress to broker and worker to database, specifying network controls and TLS trust. Explain how to keep data services private while clients reach the API.",Why does a private subnet not by itself enforce every access rule? | How do at-rest encryption and transport encryption address different threats?,Explains routes and identities | Allows only required connections | Validates TLS peers | Separates encryption from authorization,Equating encryption or private addressing with tenant isolation,https://docs.aws.amazon.com/vpc/latest/userguide/what-is-amazon-vpc.html | https://docs.aws.amazon.com/msk/latest/developerguide/msk-encryption.html,3,unassessed
X010,Optional Spark and cloud,extension,Managed Kafka and PostgreSQL operations,service limits | broker and partition sizing | database connection budgets | maintenance | monitoring | client compatibility,capacity assumptions | managed-service responsibility matrix | connection-pool budget,X007 | X009 | O018,labs/cloud,"Write an MSK/RDS operations design with version compatibility, connection limits, partition strategy, monitoring and maintenance windows; identify what still requires application-level testing.",Does MSK remove consumer offset and processing responsibility? | How can many replicas exhaust the database connection budget?,Distinguishes broker operation from application semantics | Accounts for aggregate connection demand | Defines compatibility checks | Uses documented service limits rather than remembered constants,Assuming managed services remove capacity planning and failure handling,https://docs.aws.amazon.com/msk/latest/developerguide/what-is-msk.html | https://docs.aws.amazon.com/AmazonRDS/latest/UserGuide/CHAP_PostgreSQL.html,4,unassessed
X011,Optional Spark and cloud,extension,"Cloud rollout, recovery and disaster design",rolling deployment | backward compatibility | multi-zone failure | restore | RPO and RTO | rollback,failure-domain table | version-skew rehearsal | restore runbook design,X010 | O020 | O014,labs/cloud,"Design a rollback-compatible worker release and database restore drill, including region or zone failure assumptions, ownership and proposed RPO/RTO. Label all unexecuted drills as designed.",Which failures do multiple containers on one laptop not isolate? | Can a rollback binary safely read all newly written rows?,States failure domains | Preserves mixed-version compatibility | Defines recovery ownership | Does not claim an unexecuted recovery objective was met,Promising multi-zone availability from single-host container restarts,https://docs.aws.amazon.com/AmazonRDS/latest/UserGuide/CHAP_PostgreSQL.html | https://aws.amazon.com/compliance/shared-responsibility-model/ | https://www.postgresql.org/docs/current/backup.html,4,unassessed
X012,Optional Spark and cloud,extension,Cloud cost and teardown controls,fixed and variable costs | storage retention | data transfer | idle resources | budget alerts | teardown,parameterized cost model | resource inventory | explicit teardown checklist,X007 | X010,labs/cloud,"Create a dated cost worksheet with symbolic broker-hours, compute-hours, retained bytes and transfer; verify current prices only when choosing real resources and include teardown verification.",Which resources can keep costing money after the app stops? | Does a budget alert guarantee spending is capped?,Lists billable resources | Distinguishes estimates from observed charges | Dates any pricing input | Includes teardown and residual storage checks,Treating a budget notification as a hard spending limit,https://docs.aws.amazon.com/cost-management/latest/userguide/budgets-managing-costs.html,2,unassessed
R001,Interview and resume defense,core,"Eligibility, role scope and recruiter screening",returnship condition | employment chronology | experience | role location and work model | assessment format unknowns,factual chronology | requirement-evidence map | scoped questions,,prep/interview,"Write actual employment and break dates, current availability, Pune/hybrid constraints and a 90-second role fit summary; mark unresolved requisition-specific eligibility explicitly.","What experience is directly relevant to backend, integration and streaming? | What are your actual career-break dates and current status?",Uses actual dates | Does not invent a returnship break | Separates general program and role-specific conditions | Names required and optional skills accurately,Skipping eligibility while spending weeks on architecture,https://careers.cognizant.com/india-en/jobs/00068039437/returnship-pythonpluskafkaplusjava-sql/ | https://careers.cognizant.com/india-en/pathways-to-cognizant/returnship/ | https://careers.cognizant.com/india-en/pathways-to-cognizant/how-we-hire/,1.5,unassessed
R002,Interview and resume defense,core,Baseline diagnostic and independent evidence,blind attempt | time limits | hints log | source-free explanation | delayed retest | reference independence,record before answer key | new assessor-authored variants | evidence ladder,R001,prep/interview,Complete the blind diagnostic in INTERVIEW_ROUNDS.md before reading its answer key; preserve attempts. Later recode from an empty directory and test a fresh variant that has not been read in the reference.,How did you distinguish your knowledge from reference-code familiarity? | Which skill remains unassessed despite the project working?,Records independent attempts | Distinguishes reference build from human performance | Captures hints and failed cases | Uses genuinely new transfer prompts,Calling copied or previously viewed tasks unseen,https://careers.cognizant.com/india-en/pathways-to-cognizant/how-we-hire/,2,unassessed
R003,Interview and resume defense,core,Coding assessment performance,problem restatement | constraint questions | algorithm choice | runnable code | debugging | time management,timed unseen tasks | invariant explanation | counterexample tests,R002 | A015,prep/interview,"Run the 60-minute coding mock, retaining source, compiler/test output and a spoken explanation; follow with a novel change in input size, ordering or memory constraints.",Why is this algorithm correct under the stated constraints? | How would you change it if the stream no longer fits memory?,Produces runnable code | States complexity honestly | Tests boundaries | Adapts without reciting a memorized template,Spending the full session narrating architecture without solving the coding task,https://ocw.mit.edu/courses/6-006-introduction-to-algorithms-spring-2020/pages/lecture-notes/ | https://careers.cognizant.com/india-en/pathways-to-cognizant/how-we-hire/,3,unassessed
R004,Interview and resume defense,core,Java and Python language deep dive,language semantics | collections | exceptions | concurrency | runtime version | transfer from production Python,trace code | derive output | explain runtime boundaries,R002,prep/interview,"Use the language mock to explain equality/hash, mutable state, generators and concurrency; independently write tiny programs to settle uncertain outputs.",What assumption about runtime version affects your concurrency answer? | Can you explain the observed behavior from the language contract?,Distinguishes language and implementation claims | Names runtime version | Provides executable counterexamples | Admits and resolves uncertain details,Giving universal GIL or Java implementation claims without version context,https://docs.python.org/3/tutorial/datastructures.html | https://careers.cognizant.com/india-en/pathways-to-cognizant/how-we-hire/,3,unassessed
R005,Interview and resume defense,core,SQL assessment and data reasoning,joins and multiplicity | NULL | grouping | windows | indexes | execution plans | transactions,write query before index | tiny adversarial fixtures | explain actual plan,R002,prep/interview,"Run the SQL mock on a fresh schema with duplicates, missing effects, NULL values and timestamp ties; justify queries and one workload-driven index.",How do ties and NULLs change this result? | Why would an index help this query and hurt another workload?,Produces correct results | Explains row multiplicity | Defines deterministic ordering | Measures rather than assumes plan improvement,Relying on a plausible-looking query without checking rows,https://careers.cognizant.com/india-en/jobs/00068039437/returnship-pythonpluskafkaplusjava-sql/,3,unassessed
R006,Interview and resume defense,core,Kafka and consistency deep dive,partition ordering | consumer groups | rebalance | offset progress | replay | idempotence | exactly-once boundaries,failure timeline | contiguous completion frontier | explicit assumptions,R002 | O015,prep/interview,"Draw commit and crash traces, handle out-of-order work within a partition, and justify one durable database effect per logical ID under a bounded replay assumption.",Can a committed offset skip unfinished lower offsets? | What does exactly-once mean for your external database effect?,States identity and effect boundary | Finds loss and duplicate windows | Commits only a safe frontier | Names retention and recovery assumptions,Using manual commit as a complete exactly-once proof,https://careers.cognizant.com/india-en/jobs/00068039437/returnship-pythonpluskafkaplusjava-sql/ | https://careers.cognizant.com/india-en/pathways-to-cognizant/how-we-hire/,3,unassessed
R007,Interview and resume defense,core,System design with quantitative assumptions,requirements | traffic and size | latency | durability | partition keys | database schema | failure domains | cost,capacity conservation | bottleneck model | invariant and failure matrix,R006 | O021 | O019,prep/interview,"Design telemetry integration with declared rate, payload and freshness target; calculate storage and catch-up bounds, then respond to a hot key, outage and identity-conflict change.",When does a finite queue fill? | How does your answer change if input remains above sustainable processing rate?,Declares supplied versus assumed numbers | Derives quantities with units | Explains consistency boundaries | Revises the design when assumptions change,Quoting invented production rates or hiding overload behind Kafka,https://careers.cognizant.com/india-en/jobs/00068039437/returnship-pythonpluskafkaplusjava-sql/ | https://sre.google/sre-book/service-level-objectives/,4,unassessed
R008,Interview and resume defense,core,Incident and debugging assessment,hypothesis ranking | minimal evidence | scope | containment | recovery | root cause | prevention,observe before mutate | reconcile data | timeline and runbook,R006 | O018 | O015,prep/interview,"Run an incident mock where API acceptance is normal but effects stop; request concrete logs, lag, DB waits and errors before choosing a containment action.",What evidence separates a broker issue from a database bottleneck? | How will you know recovery did not lose or repeat business effects?,Prioritizes evidence that distinguishes causes | Contains risk without blind resets | Verifies durable effects | Separates immediate repair from prevention,Resetting offsets or restarting everything before preserving evidence,https://opentelemetry.io/docs/concepts/signals/ | https://www.postgresql.org/docs/current/backup.html,3,unassessed
R009,Interview and resume defense,core,Project defense and independent reconstruction,ownership | reference versus candidate work | measured results | reproducibility | tradeoffs | limits,five-minute demo | empty-directory rebuild | unseen modification | artifact ledger,R002 | R007 | R008,prep/interview,"Explain the reference project, then scrap it and implement a minimal slice independently. Retain a diff and new test evidence; state which parts you wrote, which tools assisted and which guarantees remain untested.",Show the code and test behind your strongest reliability claim. | What would fail if your key assumption no longer held?,Can navigate and modify own code | Ties claims to actual evidence | Distinguishes local and production scope | Does not let a successful reference build mark human mastery,Claiming authorship or operational experience that the evidence does not support,https://careers.cognizant.com/india-en/pathways-to-cognizant/how-we-hire/,4,unassessed
R010,Interview and resume defense,core,Resume and STAR story defense,WMS sync and conflicts | IAM permissions | Frappe/Python | Node/API and SQL | individual versus team contribution | results,fact-evidence separation | STAR with actual boundaries | mechanism-first explanation,R001,prep/interview,"Fill three STAR records using WMS/offline sync, IAM and a real defect or tradeoff; leave impact numbers blank unless supported and link allowable evidence without exposing employer secrets.",Which decision did you personally make? | How did you determine the change worked?,States own contribution | Explains mechanism and alternatives | Uses only supported outcomes | Handles probing without inventing scale,Replacing real backend experience with a fabricated Java/Kafka production history,https://careers.cognizant.com/india-en/pathways-to-cognizant/how-we-hire/,3,unassessed
R011,Interview and resume defense,core,Managerial and client communication,requirements ambiguity | delivery tradeoffs | disagreement | incident updates | estimates | ownership and escalation,clarify acceptance criteria | options with consequences | brief factual status update,R010 | R008,prep/interview,"Run client mock changes: 'never lose data', 'must deploy tomorrow', and 'add every optional technology'; negotiate precise outcomes, risks, phased scope and validation without inventing authority.",How do you communicate an uncertain delivery date? | How do you handle a requirement that contradicts current capacity or reliability constraints?,Clarifies observable acceptance | Presents feasible options | Explains technical risk in plain language | Owns actions without blaming teammates,Promising absolute guarantees to avoid a difficult scope conversation,https://careers.cognizant.com/india-en/pathways-to-cognizant/how-we-hire/,2,unassessed
R012,Interview and resume defense,core,"HR, returnship and truthful closing",availability | location | compensation discussion | career-break explanation if applicable | learning plan | questions for panel,concise factual answers | verify chronology | role-specific closing questions,R001 | R010,prep/interview,"Prepare factual responses for actual dates, work location, notice period and role motivation; practice a private-boundary-respecting career-break explanation only if there was a break.",Why this backend and integration role given your previous work? | Which responsibilities and assessment stages should you clarify for this requisition?,Keeps chronology consistent | Does not fabricate eligibility | Connects motivation to actual work and learning | Asks concrete role and process questions,Adopting a fictitious career break or compensation figure to match a template,https://careers.cognizant.com/india-en/pathways-to-cognizant/returnship/ | https://careers.cognizant.com/india-en/pathways-to-cognizant/how-we-hire/,1.5,unassessed
